case:concept:name;concept:name;concept:flops;concept:kernel;concept:operation;timestamp:start
algorithm87;LAPACK.potrf_3.33e+08;3.33e+08;LAPACK.potrf!('L', ml1);(L2 L2^T) = M;2023-02-06 18:48:38.367107
algorithm87;trsm_1e+08;1e+08;trsm!('L', 'L', 'N', 'N', 1.0, ml1, ml0);tmp12 = (L2^-1 X);2023-02-06 18:48:39.367107
algorithm87;trsv_1e+06;1e+06;trsv!('L', 'N', 'N', ml1, ml2);tmp68 = (L2^-1 y);2023-02-06 18:48:40.367107
algorithm87;gemm_2e+07;2e+07;gemm!('T', 'N', 1.0, ml0, ml0, 0.0, ml3);tmp14 = (tmp12^T tmp12);2023-02-06 18:48:41.367107
algorithm87;LAPACK.potrf_3.33e+05;3.33e+05;LAPACK.potrf!('L', ml3);(L15 L15^T) = tmp14;2023-02-06 18:48:42.367107
algorithm87;trsm_1e+07;1e+07;trsm!('R', 'L', 'T', 'N', 1.0, ml3, ml0);tmp70 = (tmp12 L15^-T);2023-02-06 18:48:43.367107
algorithm87;gemv_2e+05;2e+05;gemv!('T', 1.0, ml0, ml2, 0.0, ml4);tmp23 = (tmp70^T tmp68);2023-02-06 18:48:44.367107
algorithm87;trsv_1e+04;1e+04;trsv!('L', 'T', 'N', ml3, ml4);tmp24 = (L15^-T tmp23);2023-02-06 18:48:45.367107
algorithm83;LAPACK.potrf_3.33e+08;3.33e+08;LAPACK.potrf!('L', ml1);(L2 L2^T) = M;2023-02-06 18:41:58.367107
algorithm83;trsv_1e+06;1e+06;trsv!('L', 'N', 'N', ml1, ml2);tmp68 = (L2^-1 y);2023-02-06 18:41:59.367107
algorithm83;trsm_1e+08;1e+08;trsm!('L', 'L', 'N', 'N', 1.0, ml1, ml0);tmp12 = (L2^-1 X);2023-02-06 18:42:00.367107
algorithm83;syrk_1e+07;1e+07;syrk!('L', 'T', 1.0, ml0, 0.0, ml3);tmp14 = (tmp12^T tmp12);2023-02-06 18:42:01.367107
algorithm83;LAPACK.potrf_3.33e+05;3.33e+05;LAPACK.potrf!('L', ml3);(L15 L15^T) = tmp14;2023-02-06 18:42:02.367107
algorithm83;trsm_1e+07;1e+07;trsm!('R', 'L', 'T', 'N', 1.0, ml3, ml0);tmp70 = (tmp12 L15^-T);2023-02-06 18:42:03.367107
algorithm83;trsm_1e+07;1e+07;trsm!('R', 'L', 'N', 'N', 1.0, ml3, ml0);tmp72 = (tmp70 L15^-1);2023-02-06 18:42:04.367107
algorithm83;gemv_2e+05;2e+05;gemv!('T', 1.0, ml0, ml2, 0.0, ml4);tmp24 = (tmp72^T tmp68);2023-02-06 18:42:05.367107
algorithm57;LAPACK.potrf_3.33e+08;3.33e+08;LAPACK.potrf!('L', ml1);(L2 L2^T) = M;2023-02-06 17:58:38.367107
algorithm57;trsm_1e+08;1e+08;trsm!('L', 'L', 'N', 'N', 1.0, ml1, ml0);tmp12 = (L2^-1 X);2023-02-06 17:58:39.367107
algorithm57;trsv_1e+06;1e+06;trsv!('L', 'N', 'N', ml1, ml2);tmp68 = (L2^-1 y);2023-02-06 17:58:40.367107
algorithm57;gemv_2e+05;2e+05;gemv!('T', 1.0, ml0, ml2, 0.0, ml3);tmp21 = (tmp12^T tmp68);2023-02-06 17:58:41.367107
algorithm57;gemm_2e+07;2e+07;gemm!('T', 'N', 1.0, ml0, ml0, 0.0, ml4);tmp14 = (tmp12^T tmp12);2023-02-06 17:58:42.367107
algorithm57;LAPACK.potrf_3.33e+05;3.33e+05;LAPACK.potrf!('L', ml4);(L15 L15^T) = tmp14;2023-02-06 17:58:43.367107
algorithm57;trsv_1e+04;1e+04;trsv!('L', 'N', 'N', ml4, ml3);tmp23 = (L15^-1 tmp21);2023-02-06 17:58:44.367107
algorithm57;trsv_1e+04;1e+04;trsv!('L', 'T', 'N', ml4, ml3);tmp24 = (L15^-T tmp23);2023-02-06 17:58:45.367107
algorithm40;transpose_1;1;transpose!(ml3, ml0);tmp56 = X^T;2023-02-06 17:30:18.367107
algorithm40;LAPACK.potrf_3.33e+08;3.33e+08;LAPACK.potrf!('L', ml1);(L2 L2^T) = M;2023-02-06 17:30:19.367107
algorithm40;trsm_1e+08;1e+08;trsm!('L', 'L', 'N', 'N', 1.0, ml1, ml0);tmp12 = (L2^-1 X);2023-02-06 17:30:20.367107
algorithm40;syrk_1e+07;1e+07;syrk!('L', 'T', 1.0, ml0, 0.0, ml4);tmp14 = (tmp12^T tmp12);2023-02-06 17:30:21.367107
algorithm40;trsv_1e+06;1e+06;trsv!('L', 'N', 'N', ml1, ml2);tmp68 = (L2^-1 y);2023-02-06 17:30:22.367107
algorithm40;trsv_1e+06;1e+06;trsv!('L', 'T', 'N', ml1, ml2);tmp71 = (L2^-T tmp68);2023-02-06 17:30:23.367107
algorithm40;gemv_2e+05;2e+05;gemv!('N', 1.0, ml3, ml2, 0.0, ml5);tmp21 = (tmp56 tmp71);2023-02-06 17:30:24.367107
algorithm40;ml4 = qr_2.67e+06;2.67e+06;ml4 = qr!(ml4);(Q16 R17) = tmp14;2023-02-06 17:30:25.367107
algorithm40;gemv_2e+04;2e+04;gemv!('T', 1.0, ml6, ml5, 0.0, ml7);tmp25 = (Q16^T tmp21);2023-02-06 17:30:26.367107
algorithm40;trsv_1e+04;1e+04;trsv!('U', 'N', 'N', ml8, ml7);tmp24 = (R17^-1 tmp25);2023-02-06 17:30:27.367107
algorithm65;transpose_1;1;transpose!(ml3, ml0);tmp56 = X^T;2023-02-06 18:11:58.367107
algorithm65;LAPACK.potrf_3.33e+08;3.33e+08;LAPACK.potrf!('L', ml1);(L2 L2^T) = M;2023-02-06 18:11:59.367107
algorithm65;trsm_1e+08;1e+08;trsm!('L', 'L', 'N', 'N', 1.0, ml1, ml0);tmp12 = (L2^-1 X);2023-02-06 18:12:00.367107
algorithm65;syrk_1e+07;1e+07;syrk!('L', 'T', 1.0, ml0, 0.0, ml4);tmp14 = (tmp12^T tmp12);2023-02-06 18:12:01.367107
algorithm65;trsv_1e+06;1e+06;trsv!('L', 'N', 'N', ml1, ml2);tmp68 = (L2^-1 y);2023-02-06 18:12:02.367107
algorithm65;trsv_1e+06;1e+06;trsv!('L', 'T', 'N', ml1, ml2);tmp71 = (L2^-T tmp68);2023-02-06 18:12:03.367107
algorithm65;LAPACK.potrf_3.33e+05;3.33e+05;LAPACK.potrf!('L', ml4);(L15 L15^T) = tmp14;2023-02-06 18:12:04.367107
algorithm65;trsm_1e+07;1e+07;trsm!('L', 'L', 'N', 'N', 1.0, ml4, ml3);tmp219 = (L15^-1 tmp56);2023-02-06 18:12:05.367107
algorithm65;gemv_2e+05;2e+05;gemv!('N', 1.0, ml3, ml2, 0.0, ml5);tmp23 = (tmp219 tmp71);2023-02-06 18:12:06.367107
algorithm65;trsv_1e+04;1e+04;trsv!('L', 'T', 'N', ml4, ml5);tmp24 = (L15^-T tmp23);2023-02-06 18:12:07.367107
algorithm8;LAPACK.potrf_3.33e+08;3.33e+08;LAPACK.potrf!('L', ml1);(L2 L2^T) = M;2023-02-06 16:36:58.367107
algorithm8;trsm_1e+08;1e+08;trsm!('L', 'L', 'N', 'N', 1.0, ml1, ml0);tmp12 = (L2^-1 X);2023-02-06 16:36:59.367107
algorithm8;trsv_1e+06;1e+06;trsv!('L', 'N', 'N', ml1, ml2);tmp68 = (L2^-1 y);2023-02-06 16:37:00.367107
algorithm8;syrk_1e+07;1e+07;syrk!('L', 'T', 1.0, ml0, 0.0, ml3);tmp14 = (tmp12^T tmp12);2023-02-06 16:37:01.367107
algorithm8;gemv_2e+05;2e+05;gemv!('T', 1.0, ml0, ml2, 0.0, ml4);tmp21 = (tmp12^T tmp68);2023-02-06 16:37:02.367107
algorithm8;LAPACK.potrf_3.33e+05;3.33e+05;LAPACK.potrf!('L', ml3);(L15 L15^T) = tmp14;2023-02-06 16:37:03.367107
algorithm8;trsv_1e+04;1e+04;trsv!('L', 'N', 'N', ml3, ml4);tmp23 = (L15^-1 tmp21);2023-02-06 16:37:04.367107
algorithm8;trsv_1e+04;1e+04;trsv!('L', 'T', 'N', ml3, ml4);tmp24 = (L15^-T tmp23);2023-02-06 16:37:05.367107
algorithm64;transpose_1;1;transpose!(ml3, ml0);tmp56 = X^T;2023-02-06 18:10:18.367107
algorithm64;LAPACK.potrf_3.33e+08;3.33e+08;LAPACK.potrf!('L', ml1);(L2 L2^T) = M;2023-02-06 18:10:19.367107
algorithm64;trsm_1e+08;1e+08;trsm!('L', 'L', 'N', 'N', 1.0, ml1, ml0);tmp12 = (L2^-1 X);2023-02-06 18:10:20.367107
algorithm64;syrk_1e+07;1e+07;syrk!('L', 'T', 1.0, ml0, 0.0, ml4);tmp14 = (tmp12^T tmp12);2023-02-06 18:10:21.367107
algorithm64;trsv_1e+06;1e+06;trsv!('L', 'N', 'N', ml1, ml2);tmp68 = (L2^-1 y);2023-02-06 18:10:22.367107
algorithm64;LAPACK.potrf_3.33e+05;3.33e+05;LAPACK.potrf!('L', ml4);(L15 L15^T) = tmp14;2023-02-06 18:10:23.367107
algorithm64;trsm_1e+07;1e+07;trsm!('L', 'L', 'N', 'N', 1.0, ml4, ml3);tmp219 = (L15^-1 tmp56);2023-02-06 18:10:24.367107
algorithm64;trsv_1e+06;1e+06;trsv!('L', 'T', 'N', ml1, ml2);tmp71 = (L2^-T tmp68);2023-02-06 18:10:25.367107
algorithm64;gemv_2e+05;2e+05;gemv!('N', 1.0, ml3, ml2, 0.0, ml5);tmp23 = (tmp219 tmp71);2023-02-06 18:10:26.367107
algorithm64;trsv_1e+04;1e+04;trsv!('L', 'T', 'N', ml4, ml5);tmp24 = (L15^-T tmp23);2023-02-06 18:10:27.367107
algorithm0;LAPACK.potrf_3.33e+08;3.33e+08;LAPACK.potrf!('L', ml1);(L2 L2^T) = M;2023-02-06 16:23:38.367107
algorithm0;trsm_1e+08;1e+08;trsm!('L', 'L', 'N', 'N', 1.0, ml1, ml0);tmp12 = (L2^-1 X);2023-02-06 16:23:39.367107
algorithm0;syrk_1e+07;1e+07;syrk!('L', 'T', 1.0, ml0, 0.0, ml3);tmp14 = (tmp12^T tmp12);2023-02-06 16:23:40.367107
algorithm0;LAPACK.potrf_3.33e+05;3.33e+05;LAPACK.potrf!('L', ml3);(L15 L15^T) = tmp14;2023-02-06 16:23:41.367107
algorithm0;trsv_1e+06;1e+06;trsv!('L', 'N', 'N', ml1, ml2);tmp68 = (L2^-1 y);2023-02-06 16:23:42.367107
algorithm0;gemv_2e+05;2e+05;gemv!('T', 1.0, ml0, ml2, 0.0, ml4);tmp21 = (tmp12^T tmp68);2023-02-06 16:23:43.367107
algorithm0;trsv_1e+04;1e+04;trsv!('L', 'N', 'N', ml3, ml4);tmp23 = (L15^-1 tmp21);2023-02-06 16:23:44.367107
algorithm0;trsv_1e+04;1e+04;trsv!('L', 'T', 'N', ml3, ml4);tmp24 = (L15^-T tmp23);2023-02-06 16:23:45.367107
algorithm53;LAPACK.potrf_3.33e+08;3.33e+08;LAPACK.potrf!('L', ml1);(L2 L2^T) = M;2023-02-06 17:51:58.367107
algorithm53;trsv_1e+06;1e+06;trsv!('L', 'N', 'N', ml1, ml2);tmp68 = (L2^-1 y);2023-02-06 17:51:59.367107
algorithm53;trsm_1e+08;1e+08;trsm!('L', 'L', 'N', 'N', 1.0, ml1, ml0);tmp12 = (L2^-1 X);2023-02-06 17:52:00.367107
algorithm53;gemm_2e+07;2e+07;gemm!('T', 'N', 1.0, ml0, ml0, 0.0, ml3);tmp14 = (tmp12^T tmp12);2023-02-06 17:52:01.367107
algorithm53;LAPACK.potrf_3.33e+05;3.33e+05;LAPACK.potrf!('L', ml3);(L15 L15^T) = tmp14;2023-02-06 17:52:02.367107
algorithm53;gemv_2e+05;2e+05;gemv!('T', 1.0, ml0, ml2, 0.0, ml4);tmp21 = (tmp12^T tmp68);2023-02-06 17:52:03.367107
algorithm53;trsv_1e+04;1e+04;trsv!('L', 'N', 'N', ml3, ml4);tmp23 = (L15^-1 tmp21);2023-02-06 17:52:04.367107
algorithm53;trsv_1e+04;1e+04;trsv!('L', 'T', 'N', ml3, ml4);tmp24 = (L15^-T tmp23);2023-02-06 17:52:05.367107
algorithm46;transpose_1;1;transpose!(ml3, ml0);tmp56 = X^T;2023-02-06 17:40:18.367107
algorithm46;LAPACK.potrf_3.33e+08;3.33e+08;LAPACK.potrf!('L', ml1);(L2 L2^T) = M;2023-02-06 17:40:19.367107
algorithm46;trsm_1e+08;1e+08;trsm!('L', 'L', 'N', 'N', 1.0, ml1, ml0);tmp12 = (L2^-1 X);2023-02-06 17:40:20.367107
algorithm46;syrk_1e+07;1e+07;syrk!('L', 'T', 1.0, ml0, 0.0, ml4);tmp14 = (tmp12^T tmp12);2023-02-06 17:40:21.367107
algorithm46;trsv_1e+06;1e+06;trsv!('L', 'N', 'N', ml1, ml2);tmp68 = (L2^-1 y);2023-02-06 17:40:22.367107
algorithm46;trsv_1e+06;1e+06;trsv!('L', 'T', 'N', ml1, ml2);tmp71 = (L2^-T tmp68);2023-02-06 17:40:23.367107
algorithm46;ml5, ml4 = LAPACK.syev_3.34e+06;3.34e+06;ml5, ml4 = LAPACK.syev!('V', 'L', ml4);(Z18 W19 Z18^T) = tmp14;2023-02-06 17:40:24.367107
algorithm46;gemv_2e+05;2e+05;gemv!('N', 1.0, ml3, ml2, 0.0, ml6);tmp21 = (tmp56 tmp71);2023-02-06 17:40:25.367107
algorithm46;gemv_2e+04;2e+04;gemv!('T', 1.0, ml4, ml6, 0.0, ml7);tmp268 = (Z18^T tmp21);2023-02-06 17:40:26.367107
algorithm46;gemv_100;100;gemv!('N', 1.0, ml4, ml7, 0.0, ml8);tmp269 = (W19^-1 tmp268);2023-02-06 17:40:27.367107
algorithm49;LAPACK.potrf_3.33e+08;3.33e+08;LAPACK.potrf!('L', ml1);(L2 L2^T) = M;2023-02-06 17:45:18.367107
algorithm49;trsm_1e+08;1e+08;trsm!('L', 'L', 'N', 'N', 1.0, ml1, ml0);tmp12 = (L2^-1 X);2023-02-06 17:45:19.367107
algorithm49;syrk_1e+07;1e+07;syrk!('L', 'T', 1.0, ml0, 0.0, ml3);tmp14 = (tmp12^T tmp12);2023-02-06 17:45:20.367107
algorithm49;LAPACK.potrf_3.33e+05;3.33e+05;LAPACK.potrf!('L', ml3);(L15 L15^T) = tmp14;2023-02-06 17:45:21.367107
algorithm49;trsv_1e+06;1e+06;trsv!('L', 'N', 'N', ml1, ml2);tmp68 = (L2^-1 y);2023-02-06 17:45:22.367107
algorithm49;trsm_1e+07;1e+07;trsm!('R', 'L', 'T', 'N', 1.0, ml3, ml0);tmp70 = (tmp12 L15^-T);2023-02-06 17:45:23.367107
algorithm49;gemv_2e+05;2e+05;gemv!('T', 1.0, ml0, ml2, 0.0, ml4);tmp23 = (tmp70^T tmp68);2023-02-06 17:45:24.367107
algorithm49;trsv_1e+04;1e+04;trsv!('L', 'T', 'N', ml3, ml4);tmp24 = (L15^-T tmp23);2023-02-06 17:45:25.367107
algorithm96;transpose_1;1;transpose!(ml3, ml0);tmp56 = X^T;2023-02-06 19:03:38.367107
algorithm96;LAPACK.potrf_3.33e+08;3.33e+08;LAPACK.potrf!('L', ml1);(L2 L2^T) = M;2023-02-06 19:03:39.367107
algorithm96;trsm_1e+08;1e+08;trsm!('L', 'L', 'N', 'N', 1.0, ml1, ml0);tmp12 = (L2^-1 X);2023-02-06 19:03:40.367107
algorithm96;syrk_1e+07;1e+07;syrk!('L', 'T', 1.0, ml0, 0.0, ml4);tmp14 = (tmp12^T tmp12);2023-02-06 19:03:41.367107
algorithm96;LAPACK.potrf_3.33e+05;3.33e+05;LAPACK.potrf!('L', ml4);(L15 L15^T) = tmp14;2023-02-06 19:03:42.367107
algorithm96;trsm_1e+07;1e+07;trsm!('L', 'L', 'N', 'N', 1.0, ml4, ml3);tmp219 = (L15^-1 tmp56);2023-02-06 19:03:43.367107
algorithm96;trsv_1e+06;1e+06;trsv!('L', 'N', 'N', ml1, ml2);tmp68 = (L2^-1 y);2023-02-06 19:03:44.367107
algorithm96;trsv_1e+06;1e+06;trsv!('L', 'T', 'N', ml1, ml2);tmp71 = (L2^-T tmp68);2023-02-06 19:03:45.367107
algorithm96;trsm_1e+07;1e+07;trsm!('L', 'L', 'T', 'N', 1.0, ml4, ml3);tmp90 = (L15^-T tmp219);2023-02-06 19:03:46.367107
algorithm96;gemv_2e+05;2e+05;gemv!('N', 1.0, ml3, ml2, 0.0, ml5);tmp24 = (tmp90 tmp71);2023-02-06 19:03:47.367107
algorithm56;LAPACK.potrf_3.33e+08;3.33e+08;LAPACK.potrf!('L', ml1);(L2 L2^T) = M;2023-02-06 17:56:58.367107
algorithm56;trsv_1e+06;1e+06;trsv!('L', 'N', 'N', ml1, ml2);tmp68 = (L2^-1 y);2023-02-06 17:56:59.367107
algorithm56;trsm_1e+08;1e+08;trsm!('L', 'L', 'N', 'N', 1.0, ml1, ml0);tmp12 = (L2^-1 X);2023-02-06 17:57:00.367107
algorithm56;gemm_2e+07;2e+07;gemm!('T', 'N', 1.0, ml0, ml0, 0.0, ml3);tmp14 = (tmp12^T tmp12);2023-02-06 17:57:01.367107
algorithm56;gemv_2e+05;2e+05;gemv!('T', 1.0, ml0, ml2, 0.0, ml4);tmp21 = (tmp12^T tmp68);2023-02-06 17:57:02.367107
algorithm56;LAPACK.potrf_3.33e+05;3.33e+05;LAPACK.potrf!('L', ml3);(L15 L15^T) = tmp14;2023-02-06 17:57:03.367107
algorithm56;trsv_1e+04;1e+04;trsv!('L', 'N', 'N', ml3, ml4);tmp23 = (L15^-1 tmp21);2023-02-06 17:57:04.367107
algorithm56;trsv_1e+04;1e+04;trsv!('L', 'T', 'N', ml3, ml4);tmp24 = (L15^-T tmp23);2023-02-06 17:57:05.367107
algorithm54;LAPACK.potrf_3.33e+08;3.33e+08;LAPACK.potrf!('L', ml1);(L2 L2^T) = M;2023-02-06 17:53:38.367107
algorithm54;trsm_1e+08;1e+08;trsm!('L', 'L', 'N', 'N', 1.0, ml1, ml0);tmp12 = (L2^-1 X);2023-02-06 17:53:39.367107
algorithm54;trsv_1e+06;1e+06;trsv!('L', 'N', 'N', ml1, ml2);tmp68 = (L2^-1 y);2023-02-06 17:53:40.367107
algorithm54;gemm_2e+07;2e+07;gemm!('T', 'N', 1.0, ml0, ml0, 0.0, ml3);tmp14 = (tmp12^T tmp12);2023-02-06 17:53:41.367107
algorithm54;LAPACK.potrf_3.33e+05;3.33e+05;LAPACK.potrf!('L', ml3);(L15 L15^T) = tmp14;2023-02-06 17:53:42.367107
algorithm54;gemv_2e+05;2e+05;gemv!('T', 1.0, ml0, ml2, 0.0, ml4);tmp21 = (tmp12^T tmp68);2023-02-06 17:53:43.367107
algorithm54;trsv_1e+04;1e+04;trsv!('L', 'N', 'N', ml3, ml4);tmp23 = (L15^-1 tmp21);2023-02-06 17:53:44.367107
algorithm54;trsv_1e+04;1e+04;trsv!('L', 'T', 'N', ml3, ml4);tmp24 = (L15^-T tmp23);2023-02-06 17:53:45.367107
algorithm39;transpose_1;1;transpose!(ml3, ml0);tmp56 = X^T;2023-02-06 17:28:38.367107
algorithm39;LAPACK.potrf_3.33e+08;3.33e+08;LAPACK.potrf!('L', ml1);(L2 L2^T) = M;2023-02-06 17:28:39.367107
algorithm39;trsm_1e+08;1e+08;trsm!('L', 'L', 'N', 'N', 1.0, ml1, ml0);tmp12 = (L2^-1 X);2023-02-06 17:28:40.367107
algorithm39;syrk_1e+07;1e+07;syrk!('L', 'T', 1.0, ml0, 0.0, ml4);tmp14 = (tmp12^T tmp12);2023-02-06 17:28:41.367107
algorithm39;trsv_1e+06;1e+06;trsv!('L', 'N', 'N', ml1, ml2);tmp68 = (L2^-1 y);2023-02-06 17:28:42.367107
algorithm39;ml4 = qr_2.67e+06;2.67e+06;ml4 = qr!(ml4);(Q16 R17) = tmp14;2023-02-06 17:28:43.367107
algorithm39;trsv_1e+06;1e+06;trsv!('L', 'T', 'N', ml1, ml2);tmp71 = (L2^-T tmp68);2023-02-06 17:28:44.367107
algorithm39;gemv_2e+05;2e+05;gemv!('N', 1.0, ml3, ml2, 0.0, ml5);tmp21 = (tmp56 tmp71);2023-02-06 17:28:45.367107
algorithm39;gemv_2e+04;2e+04;gemv!('T', 1.0, ml6, ml5, 0.0, ml7);tmp25 = (Q16^T tmp21);2023-02-06 17:28:46.367107
algorithm39;trsv_1e+04;1e+04;trsv!('U', 'N', 'N', ml8, ml7);tmp24 = (R17^-1 tmp25);2023-02-06 17:28:47.367107
algorithm14;transpose_1;1;transpose!(ml3, ml0);tmp56 = X^T;2023-02-06 16:46:58.367107
algorithm14;LAPACK.potrf_3.33e+08;3.33e+08;LAPACK.potrf!('L', ml1);(L2 L2^T) = M;2023-02-06 16:46:59.367107
algorithm14;trsm_1e+08;1e+08;trsm!('L', 'L', 'N', 'N', 1.0, ml1, ml0);tmp12 = (L2^-1 X);2023-02-06 16:47:00.367107
algorithm14;syrk_1e+07;1e+07;syrk!('L', 'T', 1.0, ml0, 0.0, ml4);tmp14 = (tmp12^T tmp12);2023-02-06 16:47:01.367107
algorithm14;trsv_1e+06;1e+06;trsv!('L', 'N', 'N', ml1, ml2);tmp68 = (L2^-1 y);2023-02-06 16:47:02.367107
algorithm14;LAPACK.potrf_3.33e+05;3.33e+05;LAPACK.potrf!('L', ml4);(L15 L15^T) = tmp14;2023-02-06 16:47:03.367107
algorithm14;trsv_1e+06;1e+06;trsv!('L', 'T', 'N', ml1, ml2);tmp71 = (L2^-T tmp68);2023-02-06 16:47:04.367107
algorithm14;gemv_2e+05;2e+05;gemv!('N', 1.0, ml3, ml2, 0.0, ml5);tmp21 = (tmp56 tmp71);2023-02-06 16:47:05.367107
algorithm14;trsv_1e+04;1e+04;trsv!('L', 'N', 'N', ml4, ml5);tmp23 = (L15^-1 tmp21);2023-02-06 16:47:06.367107
algorithm14;trsv_1e+04;1e+04;trsv!('L', 'T', 'N', ml4, ml5);tmp24 = (L15^-T tmp23);2023-02-06 16:47:07.367107
algorithm10;transpose_1;1;transpose!(ml3, ml0);tmp56 = X^T;2023-02-06 16:40:18.367107
algorithm10;LAPACK.potrf_3.33e+08;3.33e+08;LAPACK.potrf!('L', ml1);(L2 L2^T) = M;2023-02-06 16:40:19.367107
algorithm10;trsv_1e+06;1e+06;trsv!('L', 'N', 'N', ml1, ml2);tmp68 = (L2^-1 y);2023-02-06 16:40:20.367107
algorithm10;trsm_1e+08;1e+08;trsm!('L', 'L', 'N', 'N', 1.0, ml1, ml0);tmp12 = (L2^-1 X);2023-02-06 16:40:21.367107
algorithm10;syrk_1e+07;1e+07;syrk!('L', 'T', 1.0, ml0, 0.0, ml4);tmp14 = (tmp12^T tmp12);2023-02-06 16:40:22.367107
algorithm10;trsv_1e+06;1e+06;trsv!('L', 'T', 'N', ml1, ml2);tmp71 = (L2^-T tmp68);2023-02-06 16:40:23.367107
algorithm10;LAPACK.potrf_3.33e+05;3.33e+05;LAPACK.potrf!('L', ml4);(L15 L15^T) = tmp14;2023-02-06 16:40:24.367107
algorithm10;gemv_2e+05;2e+05;gemv!('N', 1.0, ml3, ml2, 0.0, ml5);tmp21 = (tmp56 tmp71);2023-02-06 16:40:25.367107
algorithm10;trsv_1e+04;1e+04;trsv!('L', 'N', 'N', ml4, ml5);tmp23 = (L15^-1 tmp21);2023-02-06 16:40:26.367107
algorithm10;trsv_1e+04;1e+04;trsv!('L', 'T', 'N', ml4, ml5);tmp24 = (L15^-T tmp23);2023-02-06 16:40:27.367107
algorithm93;transpose_1;1;transpose!(ml3, ml0);tmp56 = X^T;2023-02-06 18:58:38.367107
algorithm93;LAPACK.potrf_3.33e+08;3.33e+08;LAPACK.potrf!('L', ml1);(L2 L2^T) = M;2023-02-06 18:58:39.367107
algorithm93;trsm_1e+08;1e+08;trsm!('L', 'L', 'N', 'N', 1.0, ml1, ml0);tmp12 = (L2^-1 X);2023-02-06 18:58:40.367107
algorithm93;syrk_1e+07;1e+07;syrk!('L', 'T', 1.0, ml0, 0.0, ml4);tmp14 = (tmp12^T tmp12);2023-02-06 18:58:41.367107
algorithm93;LAPACK.potrf_3.33e+05;3.33e+05;LAPACK.potrf!('L', ml4);(L15 L15^T) = tmp14;2023-02-06 18:58:42.367107
algorithm93;trsv_1e+06;1e+06;trsv!('L', 'N', 'N', ml1, ml2);tmp68 = (L2^-1 y);2023-02-06 18:58:43.367107
algorithm93;trsm_1e+07;1e+07;trsm!('L', 'L', 'N', 'N', 1.0, ml4, ml3);tmp219 = (L15^-1 tmp56);2023-02-06 18:58:44.367107
algorithm93;trsm_1e+07;1e+07;trsm!('L', 'L', 'T', 'N', 1.0, ml4, ml3);tmp90 = (L15^-T tmp219);2023-02-06 18:58:45.367107
algorithm93;trsv_1e+06;1e+06;trsv!('L', 'T', 'N', ml1, ml2);tmp71 = (L2^-T tmp68);2023-02-06 18:58:46.367107
algorithm93;gemv_2e+05;2e+05;gemv!('N', 1.0, ml3, ml2, 0.0, ml5);tmp24 = (tmp90 tmp71);2023-02-06 18:58:47.367107
algorithm72;LAPACK.potrf_3.33e+08;3.33e+08;LAPACK.potrf!('L', ml1);(L2 L2^T) = M;2023-02-06 18:23:38.367107
algorithm72;trsm_1e+08;1e+08;trsm!('L', 'L', 'N', 'N', 1.0, ml1, ml0);tmp12 = (L2^-1 X);2023-02-06 18:23:39.367107
algorithm72;trsv_1e+06;1e+06;trsv!('L', 'N', 'N', ml1, ml2);tmp68 = (L2^-1 y);2023-02-06 18:23:40.367107
algorithm72;gemv_2e+05;2e+05;gemv!('T', 1.0, ml0, ml2, 0.0, ml3);tmp21 = (tmp12^T tmp68);2023-02-06 18:23:41.367107
algorithm72;gemm_2e+07;2e+07;gemm!('T', 'N', 1.0, ml0, ml0, 0.0, ml4);tmp14 = (tmp12^T tmp12);2023-02-06 18:23:42.367107
algorithm72;ml4 = qr_2.67e+06;2.67e+06;ml4 = qr!(ml4);(Q16 R17) = tmp14;2023-02-06 18:23:43.367107
algorithm72;gemv_2e+04;2e+04;gemv!('T', 1.0, ml5, ml3, 0.0, ml6);tmp25 = (Q16^T tmp21);2023-02-06 18:23:44.367107
algorithm72;trsv_1e+04;1e+04;trsv!('U', 'N', 'N', ml7, ml6);tmp24 = (R17^-1 tmp25);2023-02-06 18:23:45.367107
algorithm91;transpose_1;1;transpose!(ml3, ml0);tmp56 = X^T;2023-02-06 18:55:18.367107
algorithm91;LAPACK.potrf_3.33e+08;3.33e+08;LAPACK.potrf!('L', ml1);(L2 L2^T) = M;2023-02-06 18:55:19.367107
algorithm91;trsm_1e+08;1e+08;trsm!('L', 'L', 'N', 'N', 1.0, ml1, ml0);tmp12 = (L2^-1 X);2023-02-06 18:55:20.367107
algorithm91;syrk_1e+07;1e+07;syrk!('L', 'T', 1.0, ml0, 0.0, ml4);tmp14 = (tmp12^T tmp12);2023-02-06 18:55:21.367107
algorithm91;LAPACK.potrf_3.33e+05;3.33e+05;LAPACK.potrf!('L', ml4);(L15 L15^T) = tmp14;2023-02-06 18:55:22.367107
algorithm91;trsm_1e+07;1e+07;trsm!('L', 'L', 'N', 'N', 1.0, ml4, ml3);tmp219 = (L15^-1 tmp56);2023-02-06 18:55:23.367107
algorithm91;trsv_1e+06;1e+06;trsv!('L', 'N', 'N', ml1, ml2);tmp68 = (L2^-1 y);2023-02-06 18:55:24.367107
algorithm91;trsm_1e+07;1e+07;trsm!('L', 'L', 'T', 'N', 1.0, ml4, ml3);tmp90 = (L15^-T tmp219);2023-02-06 18:55:25.367107
algorithm91;trsv_1e+06;1e+06;trsv!('L', 'T', 'N', ml1, ml2);tmp71 = (L2^-T tmp68);2023-02-06 18:55:26.367107
algorithm91;gemv_2e+05;2e+05;gemv!('N', 1.0, ml3, ml2, 0.0, ml5);tmp24 = (tmp90 tmp71);2023-02-06 18:55:27.367107
algorithm2;LAPACK.potrf_3.33e+08;3.33e+08;LAPACK.potrf!('L', ml1);(L2 L2^T) = M;2023-02-06 16:26:58.367107
algorithm2;trsv_1e+06;1e+06;trsv!('L', 'N', 'N', ml1, ml2);tmp68 = (L2^-1 y);2023-02-06 16:26:59.367107
algorithm2;trsm_1e+08;1e+08;trsm!('L', 'L', 'N', 'N', 1.0, ml1, ml0);tmp12 = (L2^-1 X);2023-02-06 16:27:00.367107
algorithm2;syrk_1e+07;1e+07;syrk!('L', 'T', 1.0, ml0, 0.0, ml3);tmp14 = (tmp12^T tmp12);2023-02-06 16:27:01.367107
algorithm2;LAPACK.potrf_3.33e+05;3.33e+05;LAPACK.potrf!('L', ml3);(L15 L15^T) = tmp14;2023-02-06 16:27:02.367107
algorithm2;gemv_2e+05;2e+05;gemv!('T', 1.0, ml0, ml2, 0.0, ml4);tmp21 = (tmp12^T tmp68);2023-02-06 16:27:03.367107
algorithm2;trsv_1e+04;1e+04;trsv!('L', 'N', 'N', ml3, ml4);tmp23 = (L15^-1 tmp21);2023-02-06 16:27:04.367107
algorithm2;trsv_1e+04;1e+04;trsv!('L', 'T', 'N', ml3, ml4);tmp24 = (L15^-T tmp23);2023-02-06 16:27:05.367107
algorithm36;transpose_1;1;transpose!(ml3, ml0);tmp56 = X^T;2023-02-06 17:23:38.367107
algorithm36;LAPACK.potrf_3.33e+08;3.33e+08;LAPACK.potrf!('L', ml1);(L2 L2^T) = M;2023-02-06 17:23:39.367107
algorithm36;trsv_1e+06;1e+06;trsv!('L', 'N', 'N', ml1, ml2);tmp68 = (L2^-1 y);2023-02-06 17:23:40.367107
algorithm36;trsm_1e+08;1e+08;trsm!('L', 'L', 'N', 'N', 1.0, ml1, ml0);tmp12 = (L2^-1 X);2023-02-06 17:23:41.367107
algorithm36;syrk_1e+07;1e+07;syrk!('L', 'T', 1.0, ml0, 0.0, ml4);tmp14 = (tmp12^T tmp12);2023-02-06 17:23:42.367107
algorithm36;ml4 = qr_2.67e+06;2.67e+06;ml4 = qr!(ml4);(Q16 R17) = tmp14;2023-02-06 17:23:43.367107
algorithm36;trsv_1e+06;1e+06;trsv!('L', 'T', 'N', ml1, ml2);tmp71 = (L2^-T tmp68);2023-02-06 17:23:44.367107
algorithm36;gemv_2e+05;2e+05;gemv!('N', 1.0, ml3, ml2, 0.0, ml5);tmp21 = (tmp56 tmp71);2023-02-06 17:23:45.367107
algorithm36;gemv_2e+04;2e+04;gemv!('T', 1.0, ml6, ml5, 0.0, ml7);tmp25 = (Q16^T tmp21);2023-02-06 17:23:46.367107
algorithm36;trsv_1e+04;1e+04;trsv!('U', 'N', 'N', ml8, ml7);tmp24 = (R17^-1 tmp25);2023-02-06 17:23:47.367107
algorithm97;transpose_1;1;transpose!(ml3, ml0);tmp56 = X^T;2023-02-06 19:05:18.367107
algorithm97;LAPACK.potrf_3.33e+08;3.33e+08;LAPACK.potrf!('L', ml1);(L2 L2^T) = M;2023-02-06 19:05:19.367107
algorithm97;trsm_1e+08;1e+08;trsm!('L', 'L', 'N', 'N', 1.0, ml1, ml0);tmp12 = (L2^-1 X);2023-02-06 19:05:20.367107
algorithm97;syrk_1e+07;1e+07;syrk!('L', 'T', 1.0, ml0, 0.0, ml4);tmp14 = (tmp12^T tmp12);2023-02-06 19:05:21.367107
algorithm97;trsv_1e+06;1e+06;trsv!('L', 'N', 'N', ml1, ml2);tmp68 = (L2^-1 y);2023-02-06 19:05:22.367107
algorithm97;trsv_1e+06;1e+06;trsv!('L', 'T', 'N', ml1, ml2);tmp71 = (L2^-T tmp68);2023-02-06 19:05:23.367107
algorithm97;LAPACK.potrf_3.33e+05;3.33e+05;LAPACK.potrf!('L', ml4);(L15 L15^T) = tmp14;2023-02-06 19:05:24.367107
algorithm97;trsm_1e+07;1e+07;trsm!('L', 'L', 'N', 'N', 1.0, ml4, ml3);tmp219 = (L15^-1 tmp56);2023-02-06 19:05:25.367107
algorithm97;trsm_1e+07;1e+07;trsm!('L', 'L', 'T', 'N', 1.0, ml4, ml3);tmp90 = (L15^-T tmp219);2023-02-06 19:05:26.367107
algorithm97;gemv_2e+05;2e+05;gemv!('N', 1.0, ml3, ml2, 0.0, ml5);tmp24 = (tmp90 tmp71);2023-02-06 19:05:27.367107
algorithm59;transpose_1;1;transpose!(ml3, ml0);tmp56 = X^T;2023-02-06 18:01:58.367107
algorithm59;LAPACK.potrf_3.33e+08;3.33e+08;LAPACK.potrf!('L', ml1);(L2 L2^T) = M;2023-02-06 18:01:59.367107
algorithm59;trsm_1e+08;1e+08;trsm!('L', 'L', 'N', 'N', 1.0, ml1, ml0);tmp12 = (L2^-1 X);2023-02-06 18:02:00.367107
algorithm59;syrk_1e+07;1e+07;syrk!('L', 'T', 1.0, ml0, 0.0, ml4);tmp14 = (tmp12^T tmp12);2023-02-06 18:02:01.367107
algorithm59;LAPACK.potrf_3.33e+05;3.33e+05;LAPACK.potrf!('L', ml4);(L15 L15^T) = tmp14;2023-02-06 18:02:02.367107
algorithm59;trsm_1e+07;1e+07;trsm!('L', 'L', 'N', 'N', 1.0, ml4, ml3);tmp219 = (L15^-1 tmp56);2023-02-06 18:02:03.367107
algorithm59;trsv_1e+06;1e+06;trsv!('L', 'N', 'N', ml1, ml2);tmp68 = (L2^-1 y);2023-02-06 18:02:04.367107
algorithm59;trsv_1e+06;1e+06;trsv!('L', 'T', 'N', ml1, ml2);tmp71 = (L2^-T tmp68);2023-02-06 18:02:05.367107
algorithm59;gemv_2e+05;2e+05;gemv!('N', 1.0, ml3, ml2, 0.0, ml5);tmp23 = (tmp219 tmp71);2023-02-06 18:02:06.367107
algorithm59;trsv_1e+04;1e+04;trsv!('L', 'T', 'N', ml4, ml5);tmp24 = (L15^-T tmp23);2023-02-06 18:02:07.367107
algorithm6;LAPACK.potrf_3.33e+08;3.33e+08;LAPACK.potrf!('L', ml1);(L2 L2^T) = M;2023-02-06 16:33:38.367107
algorithm6;trsm_1e+08;1e+08;trsm!('L', 'L', 'N', 'N', 1.0, ml1, ml0);tmp12 = (L2^-1 X);2023-02-06 16:33:39.367107
algorithm6;syrk_1e+07;1e+07;syrk!('L', 'T', 1.0, ml0, 0.0, ml3);tmp14 = (tmp12^T tmp12);2023-02-06 16:33:40.367107
algorithm6;trsv_1e+06;1e+06;trsv!('L', 'N', 'N', ml1, ml2);tmp68 = (L2^-1 y);2023-02-06 16:33:41.367107
algorithm6;gemv_2e+05;2e+05;gemv!('T', 1.0, ml0, ml2, 0.0, ml4);tmp21 = (tmp12^T tmp68);2023-02-06 16:33:42.367107
algorithm6;LAPACK.potrf_3.33e+05;3.33e+05;LAPACK.potrf!('L', ml3);(L15 L15^T) = tmp14;2023-02-06 16:33:43.367107
algorithm6;trsv_1e+04;1e+04;trsv!('L', 'N', 'N', ml3, ml4);tmp23 = (L15^-1 tmp21);2023-02-06 16:33:44.367107
algorithm6;trsv_1e+04;1e+04;trsv!('L', 'T', 'N', ml3, ml4);tmp24 = (L15^-T tmp23);2023-02-06 16:33:45.367107
algorithm95;transpose_1;1;transpose!(ml3, ml0);tmp56 = X^T;2023-02-06 19:01:58.367107
algorithm95;LAPACK.potrf_3.33e+08;3.33e+08;LAPACK.potrf!('L', ml1);(L2 L2^T) = M;2023-02-06 19:01:59.367107
algorithm95;trsv_1e+06;1e+06;trsv!('L', 'N', 'N', ml1, ml2);tmp68 = (L2^-1 y);2023-02-06 19:02:00.367107
algorithm95;trsm_1e+08;1e+08;trsm!('L', 'L', 'N', 'N', 1.0, ml1, ml0);tmp12 = (L2^-1 X);2023-02-06 19:02:01.367107
algorithm95;syrk_1e+07;1e+07;syrk!('L', 'T', 1.0, ml0, 0.0, ml4);tmp14 = (tmp12^T tmp12);2023-02-06 19:02:02.367107
algorithm95;LAPACK.potrf_3.33e+05;3.33e+05;LAPACK.potrf!('L', ml4);(L15 L15^T) = tmp14;2023-02-06 19:02:03.367107
algorithm95;trsv_1e+06;1e+06;trsv!('L', 'T', 'N', ml1, ml2);tmp71 = (L2^-T tmp68);2023-02-06 19:02:04.367107
algorithm95;trsm_1e+07;1e+07;trsm!('L', 'L', 'N', 'N', 1.0, ml4, ml3);tmp219 = (L15^-1 tmp56);2023-02-06 19:02:05.367107
algorithm95;trsm_1e+07;1e+07;trsm!('L', 'L', 'T', 'N', 1.0, ml4, ml3);tmp90 = (L15^-T tmp219);2023-02-06 19:02:06.367107
algorithm95;gemv_2e+05;2e+05;gemv!('N', 1.0, ml3, ml2, 0.0, ml5);tmp24 = (tmp90 tmp71);2023-02-06 19:02:07.367107
algorithm70;LAPACK.potrf_3.33e+08;3.33e+08;LAPACK.potrf!('L', ml1);(L2 L2^T) = M;2023-02-06 18:20:18.367107
algorithm70;trsv_1e+06;1e+06;trsv!('L', 'N', 'N', ml1, ml2);tmp68 = (L2^-1 y);2023-02-06 18:20:19.367107
algorithm70;trsm_1e+08;1e+08;trsm!('L', 'L', 'N', 'N', 1.0, ml1, ml0);tmp12 = (L2^-1 X);2023-02-06 18:20:20.367107
algorithm70;gemv_2e+05;2e+05;gemv!('T', 1.0, ml0, ml2, 0.0, ml3);tmp21 = (tmp12^T tmp68);2023-02-06 18:20:21.367107
algorithm70;gemm_2e+07;2e+07;gemm!('T', 'N', 1.0, ml0, ml0, 0.0, ml4);tmp14 = (tmp12^T tmp12);2023-02-06 18:20:22.367107
algorithm70;ml4 = qr_2.67e+06;2.67e+06;ml4 = qr!(ml4);(Q16 R17) = tmp14;2023-02-06 18:20:23.367107
algorithm70;gemv_2e+04;2e+04;gemv!('T', 1.0, ml5, ml3, 0.0, ml6);tmp25 = (Q16^T tmp21);2023-02-06 18:20:24.367107
algorithm70;trsv_1e+04;1e+04;trsv!('U', 'N', 'N', ml7, ml6);tmp24 = (R17^-1 tmp25);2023-02-06 18:20:25.367107
algorithm55;LAPACK.potrf_3.33e+08;3.33e+08;LAPACK.potrf!('L', ml1);(L2 L2^T) = M;2023-02-06 17:55:18.367107
algorithm55;trsv_1e+06;1e+06;trsv!('L', 'N', 'N', ml1, ml2);tmp68 = (L2^-1 y);2023-02-06 17:55:19.367107
algorithm55;trsm_1e+08;1e+08;trsm!('L', 'L', 'N', 'N', 1.0, ml1, ml0);tmp12 = (L2^-1 X);2023-02-06 17:55:20.367107
algorithm55;gemv_2e+05;2e+05;gemv!('T', 1.0, ml0, ml2, 0.0, ml3);tmp21 = (tmp12^T tmp68);2023-02-06 17:55:21.367107
algorithm55;gemm_2e+07;2e+07;gemm!('T', 'N', 1.0, ml0, ml0, 0.0, ml4);tmp14 = (tmp12^T tmp12);2023-02-06 17:55:22.367107
algorithm55;LAPACK.potrf_3.33e+05;3.33e+05;LAPACK.potrf!('L', ml4);(L15 L15^T) = tmp14;2023-02-06 17:55:23.367107
algorithm55;trsv_1e+04;1e+04;trsv!('L', 'N', 'N', ml4, ml3);tmp23 = (L15^-1 tmp21);2023-02-06 17:55:24.367107
algorithm55;trsv_1e+04;1e+04;trsv!('L', 'T', 'N', ml4, ml3);tmp24 = (L15^-T tmp23);2023-02-06 17:55:25.367107
algorithm31;LAPACK.potrf_3.33e+08;3.33e+08;LAPACK.potrf!('L', ml1);(L2 L2^T) = M;2023-02-06 17:15:18.367107
algorithm31;trsm_1e+08;1e+08;trsm!('L', 'L', 'N', 'N', 1.0, ml1, ml0);tmp12 = (L2^-1 X);2023-02-06 17:15:19.367107
algorithm31;syrk_1e+07;1e+07;syrk!('L', 'T', 1.0, ml0, 0.0, ml3);tmp14 = (tmp12^T tmp12);2023-02-06 17:15:20.367107
algorithm31;trsv_1e+06;1e+06;trsv!('L', 'N', 'N', ml1, ml2);tmp68 = (L2^-1 y);2023-02-06 17:15:21.367107
algorithm31;gemv_2e+05;2e+05;gemv!('T', 1.0, ml0, ml2, 0.0, ml4);tmp21 = (tmp12^T tmp68);2023-02-06 17:15:22.367107
algorithm31;ml5, ml3 = LAPACK.syev_3.34e+06;3.34e+06;ml5, ml3 = LAPACK.syev!('V', 'L', ml3);(Z18 W19 Z18^T) = tmp14;2023-02-06 17:15:23.367107
algorithm31;gemv_2e+04;2e+04;gemv!('T', 1.0, ml3, ml4, 0.0, ml6);tmp268 = (Z18^T tmp21);2023-02-06 17:15:24.367107
algorithm31;gemv_100;100;gemv!('N', 1.0, ml3, ml6, 0.0, ml7);tmp269 = (W19^-1 tmp268);2023-02-06 17:15:25.367107
algorithm62;transpose_1;1;transpose!(ml3, ml0);tmp56 = X^T;2023-02-06 18:06:58.367107
algorithm62;LAPACK.potrf_3.33e+08;3.33e+08;LAPACK.potrf!('L', ml1);(L2 L2^T) = M;2023-02-06 18:06:59.367107
algorithm62;trsv_1e+06;1e+06;trsv!('L', 'N', 'N', ml1, ml2);tmp68 = (L2^-1 y);2023-02-06 18:07:00.367107
algorithm62;trsm_1e+08;1e+08;trsm!('L', 'L', 'N', 'N', 1.0, ml1, ml0);tmp12 = (L2^-1 X);2023-02-06 18:07:01.367107
algorithm62;syrk_1e+07;1e+07;syrk!('L', 'T', 1.0, ml0, 0.0, ml4);tmp14 = (tmp12^T tmp12);2023-02-06 18:07:02.367107
algorithm62;LAPACK.potrf_3.33e+05;3.33e+05;LAPACK.potrf!('L', ml4);(L15 L15^T) = tmp14;2023-02-06 18:07:03.367107
algorithm62;trsv_1e+06;1e+06;trsv!('L', 'T', 'N', ml1, ml2);tmp71 = (L2^-T tmp68);2023-02-06 18:07:04.367107
algorithm62;trsm_1e+07;1e+07;trsm!('L', 'L', 'N', 'N', 1.0, ml4, ml3);tmp219 = (L15^-1 tmp56);2023-02-06 18:07:05.367107
algorithm62;gemv_2e+05;2e+05;gemv!('N', 1.0, ml3, ml2, 0.0, ml5);tmp23 = (tmp219 tmp71);2023-02-06 18:07:06.367107
algorithm62;trsv_1e+04;1e+04;trsv!('L', 'T', 'N', ml4, ml5);tmp24 = (L15^-T tmp23);2023-02-06 18:07:07.367107
algorithm69;LAPACK.potrf_3.33e+08;3.33e+08;LAPACK.potrf!('L', ml1);(L2 L2^T) = M;2023-02-06 18:18:38.367107
algorithm69;trsm_1e+08;1e+08;trsm!('L', 'L', 'N', 'N', 1.0, ml1, ml0);tmp12 = (L2^-1 X);2023-02-06 18:18:39.367107
algorithm69;trsv_1e+06;1e+06;trsv!('L', 'N', 'N', ml1, ml2);tmp68 = (L2^-1 y);2023-02-06 18:18:40.367107
algorithm69;gemm_2e+07;2e+07;gemm!('T', 'N', 1.0, ml0, ml0, 0.0, ml3);tmp14 = (tmp12^T tmp12);2023-02-06 18:18:41.367107
algorithm69;ml3 = qr_2.67e+06;2.67e+06;ml3 = qr!(ml3);(Q16 R17) = tmp14;2023-02-06 18:18:42.367107
algorithm69;gemv_2e+05;2e+05;gemv!('T', 1.0, ml0, ml2, 0.0, ml4);tmp21 = (tmp12^T tmp68);2023-02-06 18:18:43.367107
algorithm69;gemv_2e+04;2e+04;gemv!('T', 1.0, ml5, ml4, 0.0, ml6);tmp25 = (Q16^T tmp21);2023-02-06 18:18:44.367107
algorithm69;trsv_1e+04;1e+04;trsv!('U', 'N', 'N', ml7, ml6);tmp24 = (R17^-1 tmp25);2023-02-06 18:18:45.367107
algorithm4;LAPACK.potrf_3.33e+08;3.33e+08;LAPACK.potrf!('L', ml1);(L2 L2^T) = M;2023-02-06 16:30:18.367107
algorithm4;trsv_1e+06;1e+06;trsv!('L', 'N', 'N', ml1, ml2);tmp68 = (L2^-1 y);2023-02-06 16:30:19.367107
algorithm4;trsm_1e+08;1e+08;trsm!('L', 'L', 'N', 'N', 1.0, ml1, ml0);tmp12 = (L2^-1 X);2023-02-06 16:30:20.367107
algorithm4;gemv_2e+05;2e+05;gemv!('T', 1.0, ml0, ml2, 0.0, ml3);tmp21 = (tmp12^T tmp68);2023-02-06 16:30:21.367107
algorithm4;syrk_1e+07;1e+07;syrk!('L', 'T', 1.0, ml0, 0.0, ml4);tmp14 = (tmp12^T tmp12);2023-02-06 16:30:22.367107
algorithm4;LAPACK.potrf_3.33e+05;3.33e+05;LAPACK.potrf!('L', ml4);(L15 L15^T) = tmp14;2023-02-06 16:30:23.367107
algorithm4;trsv_1e+04;1e+04;trsv!('L', 'N', 'N', ml4, ml3);tmp23 = (L15^-1 tmp21);2023-02-06 16:30:24.367107
algorithm4;trsv_1e+04;1e+04;trsv!('L', 'T', 'N', ml4, ml3);tmp24 = (L15^-T tmp23);2023-02-06 16:30:25.367107
algorithm9;transpose_1;1;transpose!(ml3, ml0);tmp56 = X^T;2023-02-06 16:38:38.367107
algorithm9;LAPACK.potrf_3.33e+08;3.33e+08;LAPACK.potrf!('L', ml1);(L2 L2^T) = M;2023-02-06 16:38:39.367107
algorithm9;trsm_1e+08;1e+08;trsm!('L', 'L', 'N', 'N', 1.0, ml1, ml0);tmp12 = (L2^-1 X);2023-02-06 16:38:40.367107
algorithm9;syrk_1e+07;1e+07;syrk!('L', 'T', 1.0, ml0, 0.0, ml4);tmp14 = (tmp12^T tmp12);2023-02-06 16:38:41.367107
algorithm9;LAPACK.potrf_3.33e+05;3.33e+05;LAPACK.potrf!('L', ml4);(L15 L15^T) = tmp14;2023-02-06 16:38:42.367107
algorithm9;trsv_1e+06;1e+06;trsv!('L', 'N', 'N', ml1, ml2);tmp68 = (L2^-1 y);2023-02-06 16:38:43.367107
algorithm9;trsv_1e+06;1e+06;trsv!('L', 'T', 'N', ml1, ml2);tmp71 = (L2^-T tmp68);2023-02-06 16:38:44.367107
algorithm9;gemv_2e+05;2e+05;gemv!('N', 1.0, ml3, ml2, 0.0, ml5);tmp21 = (tmp56 tmp71);2023-02-06 16:38:45.367107
algorithm9;trsv_1e+04;1e+04;trsv!('L', 'N', 'N', ml4, ml5);tmp23 = (L15^-1 tmp21);2023-02-06 16:38:46.367107
algorithm9;trsv_1e+04;1e+04;trsv!('L', 'T', 'N', ml4, ml5);tmp24 = (L15^-T tmp23);2023-02-06 16:38:47.367107
algorithm33;LAPACK.potrf_3.33e+08;3.33e+08;LAPACK.potrf!('L', ml1);(L2 L2^T) = M;2023-02-06 17:18:38.367107
algorithm33;trsm_1e+08;1e+08;trsm!('L', 'L', 'N', 'N', 1.0, ml1, ml0);tmp12 = (L2^-1 X);2023-02-06 17:18:39.367107
algorithm33;trsv_1e+06;1e+06;trsv!('L', 'N', 'N', ml1, ml2);tmp68 = (L2^-1 y);2023-02-06 17:18:40.367107
algorithm33;syrk_1e+07;1e+07;syrk!('L', 'T', 1.0, ml0, 0.0, ml3);tmp14 = (tmp12^T tmp12);2023-02-06 17:18:41.367107
algorithm33;gemv_2e+05;2e+05;gemv!('T', 1.0, ml0, ml2, 0.0, ml4);tmp21 = (tmp12^T tmp68);2023-02-06 17:18:42.367107
algorithm33;ml5, ml3 = LAPACK.syev_3.34e+06;3.34e+06;ml5, ml3 = LAPACK.syev!('V', 'L', ml3);(Z18 W19 Z18^T) = tmp14;2023-02-06 17:18:43.367107
algorithm33;gemv_2e+04;2e+04;gemv!('T', 1.0, ml3, ml4, 0.0, ml6);tmp268 = (Z18^T tmp21);2023-02-06 17:18:44.367107
algorithm33;gemv_100;100;gemv!('N', 1.0, ml3, ml6, 0.0, ml7);tmp269 = (W19^-1 tmp268);2023-02-06 17:18:45.367107
algorithm74;LAPACK.potrf_3.33e+08;3.33e+08;LAPACK.potrf!('L', ml1);(L2 L2^T) = M;2023-02-06 18:26:58.367107
algorithm74;trsv_1e+06;1e+06;trsv!('L', 'N', 'N', ml1, ml2);tmp68 = (L2^-1 y);2023-02-06 18:26:59.367107
algorithm74;trsm_1e+08;1e+08;trsm!('L', 'L', 'N', 'N', 1.0, ml1, ml0);tmp12 = (L2^-1 X);2023-02-06 18:27:00.367107
algorithm74;gemm_2e+07;2e+07;gemm!('T', 'N', 1.0, ml0, ml0, 0.0, ml3);tmp14 = (tmp12^T tmp12);2023-02-06 18:27:01.367107
algorithm74;ml4, ml3 = LAPACK.syev_3.34e+06;3.34e+06;ml4, ml3 = LAPACK.syev!('V', 'L', ml3);(Z18 W19 Z18^T) = tmp14;2023-02-06 18:27:02.367107
algorithm74;gemv_2e+05;2e+05;gemv!('T', 1.0, ml0, ml2, 0.0, ml5);tmp21 = (tmp12^T tmp68);2023-02-06 18:27:03.367107
algorithm74;gemv_2e+04;2e+04;gemv!('T', 1.0, ml3, ml5, 0.0, ml6);tmp268 = (Z18^T tmp21);2023-02-06 18:27:04.367107
algorithm74;gemv_100;100;gemv!('N', 1.0, ml3, ml6, 0.0, ml7);tmp269 = (W19^-1 tmp268);2023-02-06 18:27:05.367107
algorithm99;transpose_1;1;transpose!(ml3, ml0);tmp56 = X^T;2023-02-06 19:08:38.367107
algorithm99;LAPACK.potrf_3.33e+08;3.33e+08;LAPACK.potrf!('L', ml1);(L2 L2^T) = M;2023-02-06 19:08:39.367107
algorithm99;trsm_1e+08;1e+08;trsm!('L', 'L', 'N', 'N', 1.0, ml1, ml0);tmp12 = (L2^-1 X);2023-02-06 19:08:40.367107
algorithm99;syrk_1e+07;1e+07;syrk!('L', 'T', 1.0, ml0, 0.0, ml4);tmp14 = (tmp12^T tmp12);2023-02-06 19:08:41.367107
algorithm99;LAPACK.potrf_3.33e+05;3.33e+05;LAPACK.potrf!('L', ml4);(L15 L15^T) = tmp14;2023-02-06 19:08:42.367107
algorithm99;trsv_1e+06;1e+06;trsv!('L', 'N', 'N', ml1, ml2);tmp68 = (L2^-1 y);2023-02-06 19:08:43.367107
algorithm99;trsv_1e+06;1e+06;trsv!('L', 'T', 'N', ml1, ml2);tmp71 = (L2^-T tmp68);2023-02-06 19:08:44.367107
algorithm99;trsm_1e+07;1e+07;trsm!('L', 'L', 'N', 'N', 1.0, ml4, ml3);tmp219 = (L15^-1 tmp56);2023-02-06 19:08:45.367107
algorithm99;trsm_1e+07;1e+07;trsm!('L', 'L', 'T', 'N', 1.0, ml4, ml3);tmp90 = (L15^-T tmp219);2023-02-06 19:08:46.367107
algorithm99;gemv_2e+05;2e+05;gemv!('N', 1.0, ml3, ml2, 0.0, ml5);tmp24 = (tmp90 tmp71);2023-02-06 19:08:47.367107
algorithm41;transpose_1;1;transpose!(ml3, ml0);tmp56 = X^T;2023-02-06 17:31:58.367107
algorithm41;LAPACK.potrf_3.33e+08;3.33e+08;LAPACK.potrf!('L', ml1);(L2 L2^T) = M;2023-02-06 17:31:59.367107
algorithm41;trsm_1e+08;1e+08;trsm!('L', 'L', 'N', 'N', 1.0, ml1, ml0);tmp12 = (L2^-1 X);2023-02-06 17:32:00.367107
algorithm41;syrk_1e+07;1e+07;syrk!('L', 'T', 1.0, ml0, 0.0, ml4);tmp14 = (tmp12^T tmp12);2023-02-06 17:32:01.367107
algorithm41;ml5, ml4 = LAPACK.syev_3.34e+06;3.34e+06;ml5, ml4 = LAPACK.syev!('V', 'L', ml4);(Z18 W19 Z18^T) = tmp14;2023-02-06 17:32:02.367107
algorithm41;trsv_1e+06;1e+06;trsv!('L', 'N', 'N', ml1, ml2);tmp68 = (L2^-1 y);2023-02-06 17:32:03.367107
algorithm41;trsv_1e+06;1e+06;trsv!('L', 'T', 'N', ml1, ml2);tmp71 = (L2^-T tmp68);2023-02-06 17:32:04.367107
algorithm41;gemv_2e+05;2e+05;gemv!('N', 1.0, ml3, ml2, 0.0, ml6);tmp21 = (tmp56 tmp71);2023-02-06 17:32:05.367107
algorithm41;gemv_2e+04;2e+04;gemv!('T', 1.0, ml4, ml6, 0.0, ml7);tmp268 = (Z18^T tmp21);2023-02-06 17:32:06.367107
algorithm41;gemv_100;100;gemv!('N', 1.0, ml4, ml7, 0.0, ml8);tmp269 = (W19^-1 tmp268);2023-02-06 17:32:07.367107
algorithm26;LAPACK.potrf_3.33e+08;3.33e+08;LAPACK.potrf!('L', ml1);(L2 L2^T) = M;2023-02-06 17:06:58.367107
algorithm26;trsv_1e+06;1e+06;trsv!('L', 'N', 'N', ml1, ml2);tmp68 = (L2^-1 y);2023-02-06 17:06:59.367107
algorithm26;trsm_1e+08;1e+08;trsm!('L', 'L', 'N', 'N', 1.0, ml1, ml0);tmp12 = (L2^-1 X);2023-02-06 17:07:00.367107
algorithm26;syrk_1e+07;1e+07;syrk!('L', 'T', 1.0, ml0, 0.0, ml3);tmp14 = (tmp12^T tmp12);2023-02-06 17:07:01.367107
algorithm26;gemv_2e+05;2e+05;gemv!('T', 1.0, ml0, ml2, 0.0, ml4);tmp21 = (tmp12^T tmp68);2023-02-06 17:07:02.367107
algorithm26;ml5, ml3 = LAPACK.syev_3.34e+06;3.34e+06;ml5, ml3 = LAPACK.syev!('V', 'L', ml3);(Z18 W19 Z18^T) = tmp14;2023-02-06 17:07:03.367107
algorithm26;gemv_2e+04;2e+04;gemv!('T', 1.0, ml3, ml4, 0.0, ml6);tmp268 = (Z18^T tmp21);2023-02-06 17:07:04.367107
algorithm26;gemv_100;100;gemv!('N', 1.0, ml3, ml6, 0.0, ml7);tmp269 = (W19^-1 tmp268);2023-02-06 17:07:05.367107
algorithm7;LAPACK.potrf_3.33e+08;3.33e+08;LAPACK.potrf!('L', ml1);(L2 L2^T) = M;2023-02-06 16:35:18.367107
algorithm7;trsm_1e+08;1e+08;trsm!('L', 'L', 'N', 'N', 1.0, ml1, ml0);tmp12 = (L2^-1 X);2023-02-06 16:35:19.367107
algorithm7;trsv_1e+06;1e+06;trsv!('L', 'N', 'N', ml1, ml2);tmp68 = (L2^-1 y);2023-02-06 16:35:20.367107
algorithm7;gemv_2e+05;2e+05;gemv!('T', 1.0, ml0, ml2, 0.0, ml3);tmp21 = (tmp12^T tmp68);2023-02-06 16:35:21.367107
algorithm7;syrk_1e+07;1e+07;syrk!('L', 'T', 1.0, ml0, 0.0, ml4);tmp14 = (tmp12^T tmp12);2023-02-06 16:35:22.367107
algorithm7;LAPACK.potrf_3.33e+05;3.33e+05;LAPACK.potrf!('L', ml4);(L15 L15^T) = tmp14;2023-02-06 16:35:23.367107
algorithm7;trsv_1e+04;1e+04;trsv!('L', 'N', 'N', ml4, ml3);tmp23 = (L15^-1 tmp21);2023-02-06 16:35:24.367107
algorithm7;trsv_1e+04;1e+04;trsv!('L', 'T', 'N', ml4, ml3);tmp24 = (L15^-T tmp23);2023-02-06 16:35:25.367107
algorithm51;LAPACK.potrf_3.33e+08;3.33e+08;LAPACK.potrf!('L', ml1);(L2 L2^T) = M;2023-02-06 17:48:38.367107
algorithm51;trsm_1e+08;1e+08;trsm!('L', 'L', 'N', 'N', 1.0, ml1, ml0);tmp12 = (L2^-1 X);2023-02-06 17:48:39.367107
algorithm51;syrk_1e+07;1e+07;syrk!('L', 'T', 1.0, ml0, 0.0, ml3);tmp14 = (tmp12^T tmp12);2023-02-06 17:48:40.367107
algorithm51;trsv_1e+06;1e+06;trsv!('L', 'N', 'N', ml1, ml2);tmp68 = (L2^-1 y);2023-02-06 17:48:41.367107
algorithm51;LAPACK.potrf_3.33e+05;3.33e+05;LAPACK.potrf!('L', ml3);(L15 L15^T) = tmp14;2023-02-06 17:48:42.367107
algorithm51;trsm_1e+07;1e+07;trsm!('R', 'L', 'T', 'N', 1.0, ml3, ml0);tmp70 = (tmp12 L15^-T);2023-02-06 17:48:43.367107
algorithm51;gemv_2e+05;2e+05;gemv!('T', 1.0, ml0, ml2, 0.0, ml4);tmp23 = (tmp70^T tmp68);2023-02-06 17:48:44.367107
algorithm51;trsv_1e+04;1e+04;trsv!('L', 'T', 'N', ml3, ml4);tmp24 = (L15^-T tmp23);2023-02-06 17:48:45.367107
algorithm1;LAPACK.potrf_3.33e+08;3.33e+08;LAPACK.potrf!('L', ml1);(L2 L2^T) = M;2023-02-06 16:25:18.367107
algorithm1;trsv_1e+06;1e+06;trsv!('L', 'N', 'N', ml1, ml2);tmp68 = (L2^-1 y);2023-02-06 16:25:19.367107
algorithm1;trsm_1e+08;1e+08;trsm!('L', 'L', 'N', 'N', 1.0, ml1, ml0);tmp12 = (L2^-1 X);2023-02-06 16:25:20.367107
algorithm1;syrk_1e+07;1e+07;syrk!('L', 'T', 1.0, ml0, 0.0, ml3);tmp14 = (tmp12^T tmp12);2023-02-06 16:25:21.367107
algorithm1;gemv_2e+05;2e+05;gemv!('T', 1.0, ml0, ml2, 0.0, ml4);tmp21 = (tmp12^T tmp68);2023-02-06 16:25:22.367107
algorithm1;LAPACK.potrf_3.33e+05;3.33e+05;LAPACK.potrf!('L', ml3);(L15 L15^T) = tmp14;2023-02-06 16:25:23.367107
algorithm1;trsv_1e+04;1e+04;trsv!('L', 'N', 'N', ml3, ml4);tmp23 = (L15^-1 tmp21);2023-02-06 16:25:24.367107
algorithm1;trsv_1e+04;1e+04;trsv!('L', 'T', 'N', ml3, ml4);tmp24 = (L15^-T tmp23);2023-02-06 16:25:25.367107
algorithm17;LAPACK.potrf_3.33e+08;3.33e+08;LAPACK.potrf!('L', ml1);(L2 L2^T) = M;2023-02-06 16:51:58.367107
algorithm17;trsv_1e+06;1e+06;trsv!('L', 'N', 'N', ml1, ml2);tmp68 = (L2^-1 y);2023-02-06 16:51:59.367107
algorithm17;trsm_1e+08;1e+08;trsm!('L', 'L', 'N', 'N', 1.0, ml1, ml0);tmp12 = (L2^-1 X);2023-02-06 16:52:00.367107
algorithm17;syrk_1e+07;1e+07;syrk!('L', 'T', 1.0, ml0, 0.0, ml3);tmp14 = (tmp12^T tmp12);2023-02-06 16:52:01.367107
algorithm17;gemv_2e+05;2e+05;gemv!('T', 1.0, ml0, ml2, 0.0, ml4);tmp21 = (tmp12^T tmp68);2023-02-06 16:52:02.367107
algorithm17;ml3 = qr_2.67e+06;2.67e+06;ml3 = qr!(ml3);(Q16 R17) = tmp14;2023-02-06 16:52:03.367107
algorithm17;gemv_2e+04;2e+04;gemv!('T', 1.0, ml5, ml4, 0.0, ml6);tmp25 = (Q16^T tmp21);2023-02-06 16:52:04.367107
algorithm17;trsv_1e+04;1e+04;trsv!('U', 'N', 'N', ml7, ml6);tmp24 = (R17^-1 tmp25);2023-02-06 16:52:05.367107
algorithm11;transpose_1;1;transpose!(ml3, ml0);tmp56 = X^T;2023-02-06 16:41:58.367107
algorithm11;LAPACK.potrf_3.33e+08;3.33e+08;LAPACK.potrf!('L', ml1);(L2 L2^T) = M;2023-02-06 16:41:59.367107
algorithm11;trsv_1e+06;1e+06;trsv!('L', 'N', 'N', ml1, ml2);tmp68 = (L2^-1 y);2023-02-06 16:42:00.367107
algorithm11;trsm_1e+08;1e+08;trsm!('L', 'L', 'N', 'N', 1.0, ml1, ml0);tmp12 = (L2^-1 X);2023-02-06 16:42:01.367107
algorithm11;syrk_1e+07;1e+07;syrk!('L', 'T', 1.0, ml0, 0.0, ml4);tmp14 = (tmp12^T tmp12);2023-02-06 16:42:02.367107
algorithm11;LAPACK.potrf_3.33e+05;3.33e+05;LAPACK.potrf!('L', ml4);(L15 L15^T) = tmp14;2023-02-06 16:42:03.367107
algorithm11;trsv_1e+06;1e+06;trsv!('L', 'T', 'N', ml1, ml2);tmp71 = (L2^-T tmp68);2023-02-06 16:42:04.367107
algorithm11;gemv_2e+05;2e+05;gemv!('N', 1.0, ml3, ml2, 0.0, ml5);tmp21 = (tmp56 tmp71);2023-02-06 16:42:05.367107
algorithm11;trsv_1e+04;1e+04;trsv!('L', 'N', 'N', ml4, ml5);tmp23 = (L15^-1 tmp21);2023-02-06 16:42:06.367107
algorithm11;trsv_1e+04;1e+04;trsv!('L', 'T', 'N', ml4, ml5);tmp24 = (L15^-T tmp23);2023-02-06 16:42:07.367107
algorithm42;transpose_1;1;transpose!(ml3, ml0);tmp56 = X^T;2023-02-06 17:33:38.367107
algorithm42;LAPACK.potrf_3.33e+08;3.33e+08;LAPACK.potrf!('L', ml1);(L2 L2^T) = M;2023-02-06 17:33:39.367107
algorithm42;trsv_1e+06;1e+06;trsv!('L', 'N', 'N', ml1, ml2);tmp68 = (L2^-1 y);2023-02-06 17:33:40.367107
algorithm42;trsm_1e+08;1e+08;trsm!('L', 'L', 'N', 'N', 1.0, ml1, ml0);tmp12 = (L2^-1 X);2023-02-06 17:33:41.367107
algorithm42;syrk_1e+07;1e+07;syrk!('L', 'T', 1.0, ml0, 0.0, ml4);tmp14 = (tmp12^T tmp12);2023-02-06 17:33:42.367107
algorithm42;trsv_1e+06;1e+06;trsv!('L', 'T', 'N', ml1, ml2);tmp71 = (L2^-T tmp68);2023-02-06 17:33:43.367107
algorithm42;ml5, ml4 = LAPACK.syev_3.34e+06;3.34e+06;ml5, ml4 = LAPACK.syev!('V', 'L', ml4);(Z18 W19 Z18^T) = tmp14;2023-02-06 17:33:44.367107
algorithm42;gemv_2e+05;2e+05;gemv!('N', 1.0, ml3, ml2, 0.0, ml6);tmp21 = (tmp56 tmp71);2023-02-06 17:33:45.367107
algorithm42;gemv_2e+04;2e+04;gemv!('T', 1.0, ml4, ml6, 0.0, ml7);tmp268 = (Z18^T tmp21);2023-02-06 17:33:46.367107
algorithm42;gemv_100;100;gemv!('N', 1.0, ml4, ml7, 0.0, ml8);tmp269 = (W19^-1 tmp268);2023-02-06 17:33:47.367107
algorithm15;transpose_1;1;transpose!(ml3, ml0);tmp56 = X^T;2023-02-06 16:48:38.367107
algorithm15;LAPACK.potrf_3.33e+08;3.33e+08;LAPACK.potrf!('L', ml1);(L2 L2^T) = M;2023-02-06 16:48:39.367107
algorithm15;trsm_1e+08;1e+08;trsm!('L', 'L', 'N', 'N', 1.0, ml1, ml0);tmp12 = (L2^-1 X);2023-02-06 16:48:40.367107
algorithm15;syrk_1e+07;1e+07;syrk!('L', 'T', 1.0, ml0, 0.0, ml4);tmp14 = (tmp12^T tmp12);2023-02-06 16:48:41.367107
algorithm15;trsv_1e+06;1e+06;trsv!('L', 'N', 'N', ml1, ml2);tmp68 = (L2^-1 y);2023-02-06 16:48:42.367107
algorithm15;trsv_1e+06;1e+06;trsv!('L', 'T', 'N', ml1, ml2);tmp71 = (L2^-T tmp68);2023-02-06 16:48:43.367107
algorithm15;gemv_2e+05;2e+05;gemv!('N', 1.0, ml3, ml2, 0.0, ml5);tmp21 = (tmp56 tmp71);2023-02-06 16:48:44.367107
algorithm15;LAPACK.potrf_3.33e+05;3.33e+05;LAPACK.potrf!('L', ml4);(L15 L15^T) = tmp14;2023-02-06 16:48:45.367107
algorithm15;trsv_1e+04;1e+04;trsv!('L', 'N', 'N', ml4, ml5);tmp23 = (L15^-1 tmp21);2023-02-06 16:48:46.367107
algorithm15;trsv_1e+04;1e+04;trsv!('L', 'T', 'N', ml4, ml5);tmp24 = (L15^-T tmp23);2023-02-06 16:48:47.367107
algorithm52;LAPACK.potrf_3.33e+08;3.33e+08;LAPACK.potrf!('L', ml1);(L2 L2^T) = M;2023-02-06 17:50:18.367107
algorithm52;trsm_1e+08;1e+08;trsm!('L', 'L', 'N', 'N', 1.0, ml1, ml0);tmp12 = (L2^-1 X);2023-02-06 17:50:19.367107
algorithm52;trsv_1e+06;1e+06;trsv!('L', 'N', 'N', ml1, ml2);tmp68 = (L2^-1 y);2023-02-06 17:50:20.367107
algorithm52;syrk_1e+07;1e+07;syrk!('L', 'T', 1.0, ml0, 0.0, ml3);tmp14 = (tmp12^T tmp12);2023-02-06 17:50:21.367107
algorithm52;LAPACK.potrf_3.33e+05;3.33e+05;LAPACK.potrf!('L', ml3);(L15 L15^T) = tmp14;2023-02-06 17:50:22.367107
algorithm52;trsm_1e+07;1e+07;trsm!('R', 'L', 'T', 'N', 1.0, ml3, ml0);tmp70 = (tmp12 L15^-T);2023-02-06 17:50:23.367107
algorithm52;gemv_2e+05;2e+05;gemv!('T', 1.0, ml0, ml2, 0.0, ml4);tmp23 = (tmp70^T tmp68);2023-02-06 17:50:24.367107
algorithm52;trsv_1e+04;1e+04;trsv!('L', 'T', 'N', ml3, ml4);tmp24 = (L15^-T tmp23);2023-02-06 17:50:25.367107
algorithm24;LAPACK.potrf_3.33e+08;3.33e+08;LAPACK.potrf!('L', ml1);(L2 L2^T) = M;2023-02-06 17:03:38.367107
algorithm24;trsm_1e+08;1e+08;trsm!('L', 'L', 'N', 'N', 1.0, ml1, ml0);tmp12 = (L2^-1 X);2023-02-06 17:03:39.367107
algorithm24;trsv_1e+06;1e+06;trsv!('L', 'N', 'N', ml1, ml2);tmp68 = (L2^-1 y);2023-02-06 17:03:40.367107
algorithm24;syrk_1e+07;1e+07;syrk!('L', 'T', 1.0, ml0, 0.0, ml3);tmp14 = (tmp12^T tmp12);2023-02-06 17:03:41.367107
algorithm24;gemv_2e+05;2e+05;gemv!('T', 1.0, ml0, ml2, 0.0, ml4);tmp21 = (tmp12^T tmp68);2023-02-06 17:03:42.367107
algorithm24;ml3 = qr_2.67e+06;2.67e+06;ml3 = qr!(ml3);(Q16 R17) = tmp14;2023-02-06 17:03:43.367107
algorithm24;gemv_2e+04;2e+04;gemv!('T', 1.0, ml5, ml4, 0.0, ml6);tmp25 = (Q16^T tmp21);2023-02-06 17:03:44.367107
algorithm24;trsv_1e+04;1e+04;trsv!('U', 'N', 'N', ml7, ml6);tmp24 = (R17^-1 tmp25);2023-02-06 17:03:45.367107
algorithm67;transpose_1;1;transpose!(ml3, ml0);tmp56 = X^T;2023-02-06 18:15:18.367107
algorithm67;LAPACK.potrf_3.33e+08;3.33e+08;LAPACK.potrf!('L', ml1);(L2 L2^T) = M;2023-02-06 18:15:19.367107
algorithm67;trsm_1e+08;1e+08;trsm!('L', 'L', 'N', 'N', 1.0, ml1, ml0);tmp12 = (L2^-1 X);2023-02-06 18:15:20.367107
algorithm67;syrk_1e+07;1e+07;syrk!('L', 'T', 1.0, ml0, 0.0, ml4);tmp14 = (tmp12^T tmp12);2023-02-06 18:15:21.367107
algorithm67;trsv_1e+06;1e+06;trsv!('L', 'N', 'N', ml1, ml2);tmp68 = (L2^-1 y);2023-02-06 18:15:22.367107
algorithm67;LAPACK.potrf_3.33e+05;3.33e+05;LAPACK.potrf!('L', ml4);(L15 L15^T) = tmp14;2023-02-06 18:15:23.367107
algorithm67;trsv_1e+06;1e+06;trsv!('L', 'T', 'N', ml1, ml2);tmp71 = (L2^-T tmp68);2023-02-06 18:15:24.367107
algorithm67;trsm_1e+07;1e+07;trsm!('L', 'L', 'N', 'N', 1.0, ml4, ml3);tmp219 = (L15^-1 tmp56);2023-02-06 18:15:25.367107
algorithm67;gemv_2e+05;2e+05;gemv!('N', 1.0, ml3, ml2, 0.0, ml5);tmp23 = (tmp219 tmp71);2023-02-06 18:15:26.367107
algorithm67;trsv_1e+04;1e+04;trsv!('L', 'T', 'N', ml4, ml5);tmp24 = (L15^-T tmp23);2023-02-06 18:15:27.367107
algorithm20;LAPACK.potrf_3.33e+08;3.33e+08;LAPACK.potrf!('L', ml1);(L2 L2^T) = M;2023-02-06 16:56:58.367107
algorithm20;trsv_1e+06;1e+06;trsv!('L', 'N', 'N', ml1, ml2);tmp68 = (L2^-1 y);2023-02-06 16:56:59.367107
algorithm20;trsm_1e+08;1e+08;trsm!('L', 'L', 'N', 'N', 1.0, ml1, ml0);tmp12 = (L2^-1 X);2023-02-06 16:57:00.367107
algorithm20;gemv_2e+05;2e+05;gemv!('T', 1.0, ml0, ml2, 0.0, ml3);tmp21 = (tmp12^T tmp68);2023-02-06 16:57:01.367107
algorithm20;syrk_1e+07;1e+07;syrk!('L', 'T', 1.0, ml0, 0.0, ml4);tmp14 = (tmp12^T tmp12);2023-02-06 16:57:02.367107
algorithm20;ml4 = qr_2.67e+06;2.67e+06;ml4 = qr!(ml4);(Q16 R17) = tmp14;2023-02-06 16:57:03.367107
algorithm20;gemv_2e+04;2e+04;gemv!('T', 1.0, ml5, ml3, 0.0, ml6);tmp25 = (Q16^T tmp21);2023-02-06 16:57:04.367107
algorithm20;trsv_1e+04;1e+04;trsv!('U', 'N', 'N', ml7, ml6);tmp24 = (R17^-1 tmp25);2023-02-06 16:57:05.367107
algorithm60;transpose_1;1;transpose!(ml3, ml0);tmp56 = X^T;2023-02-06 18:03:38.367107
algorithm60;LAPACK.potrf_3.33e+08;3.33e+08;LAPACK.potrf!('L', ml1);(L2 L2^T) = M;2023-02-06 18:03:39.367107
algorithm60;trsv_1e+06;1e+06;trsv!('L', 'N', 'N', ml1, ml2);tmp68 = (L2^-1 y);2023-02-06 18:03:40.367107
algorithm60;trsm_1e+08;1e+08;trsm!('L', 'L', 'N', 'N', 1.0, ml1, ml0);tmp12 = (L2^-1 X);2023-02-06 18:03:41.367107
algorithm60;syrk_1e+07;1e+07;syrk!('L', 'T', 1.0, ml0, 0.0, ml4);tmp14 = (tmp12^T tmp12);2023-02-06 18:03:42.367107
algorithm60;trsv_1e+06;1e+06;trsv!('L', 'T', 'N', ml1, ml2);tmp71 = (L2^-T tmp68);2023-02-06 18:03:43.367107
algorithm60;LAPACK.potrf_3.33e+05;3.33e+05;LAPACK.potrf!('L', ml4);(L15 L15^T) = tmp14;2023-02-06 18:03:44.367107
algorithm60;trsm_1e+07;1e+07;trsm!('L', 'L', 'N', 'N', 1.0, ml4, ml3);tmp219 = (L15^-1 tmp56);2023-02-06 18:03:45.367107
algorithm60;gemv_2e+05;2e+05;gemv!('N', 1.0, ml3, ml2, 0.0, ml5);tmp23 = (tmp219 tmp71);2023-02-06 18:03:46.367107
algorithm60;trsv_1e+04;1e+04;trsv!('L', 'T', 'N', ml4, ml5);tmp24 = (L15^-T tmp23);2023-02-06 18:03:47.367107
algorithm94;transpose_1;1;transpose!(ml3, ml0);tmp56 = X^T;2023-02-06 19:00:18.367107
algorithm94;LAPACK.potrf_3.33e+08;3.33e+08;LAPACK.potrf!('L', ml1);(L2 L2^T) = M;2023-02-06 19:00:19.367107
algorithm94;trsm_1e+08;1e+08;trsm!('L', 'L', 'N', 'N', 1.0, ml1, ml0);tmp12 = (L2^-1 X);2023-02-06 19:00:20.367107
algorithm94;syrk_1e+07;1e+07;syrk!('L', 'T', 1.0, ml0, 0.0, ml4);tmp14 = (tmp12^T tmp12);2023-02-06 19:00:21.367107
algorithm94;trsv_1e+06;1e+06;trsv!('L', 'N', 'N', ml1, ml2);tmp68 = (L2^-1 y);2023-02-06 19:00:22.367107
algorithm94;LAPACK.potrf_3.33e+05;3.33e+05;LAPACK.potrf!('L', ml4);(L15 L15^T) = tmp14;2023-02-06 19:00:23.367107
algorithm94;trsm_1e+07;1e+07;trsm!('L', 'L', 'N', 'N', 1.0, ml4, ml3);tmp219 = (L15^-1 tmp56);2023-02-06 19:00:24.367107
algorithm94;trsm_1e+07;1e+07;trsm!('L', 'L', 'T', 'N', 1.0, ml4, ml3);tmp90 = (L15^-T tmp219);2023-02-06 19:00:25.367107
algorithm94;trsv_1e+06;1e+06;trsv!('L', 'T', 'N', ml1, ml2);tmp71 = (L2^-T tmp68);2023-02-06 19:00:26.367107
algorithm94;gemv_2e+05;2e+05;gemv!('N', 1.0, ml3, ml2, 0.0, ml5);tmp24 = (tmp90 tmp71);2023-02-06 19:00:27.367107
algorithm5;LAPACK.potrf_3.33e+08;3.33e+08;LAPACK.potrf!('L', ml1);(L2 L2^T) = M;2023-02-06 16:31:58.367107
algorithm5;trsm_1e+08;1e+08;trsm!('L', 'L', 'N', 'N', 1.0, ml1, ml0);tmp12 = (L2^-1 X);2023-02-06 16:31:59.367107
algorithm5;trsv_1e+06;1e+06;trsv!('L', 'N', 'N', ml1, ml2);tmp68 = (L2^-1 y);2023-02-06 16:32:00.367107
algorithm5;syrk_1e+07;1e+07;syrk!('L', 'T', 1.0, ml0, 0.0, ml3);tmp14 = (tmp12^T tmp12);2023-02-06 16:32:01.367107
algorithm5;LAPACK.potrf_3.33e+05;3.33e+05;LAPACK.potrf!('L', ml3);(L15 L15^T) = tmp14;2023-02-06 16:32:02.367107
algorithm5;gemv_2e+05;2e+05;gemv!('T', 1.0, ml0, ml2, 0.0, ml4);tmp21 = (tmp12^T tmp68);2023-02-06 16:32:03.367107
algorithm5;trsv_1e+04;1e+04;trsv!('L', 'N', 'N', ml3, ml4);tmp23 = (L15^-1 tmp21);2023-02-06 16:32:04.367107
algorithm5;trsv_1e+04;1e+04;trsv!('L', 'T', 'N', ml3, ml4);tmp24 = (L15^-T tmp23);2023-02-06 16:32:05.367107
algorithm84;LAPACK.potrf_3.33e+08;3.33e+08;LAPACK.potrf!('L', ml1);(L2 L2^T) = M;2023-02-06 18:43:38.367107
algorithm84;trsm_1e+08;1e+08;trsm!('L', 'L', 'N', 'N', 1.0, ml1, ml0);tmp12 = (L2^-1 X);2023-02-06 18:43:39.367107
algorithm84;syrk_1e+07;1e+07;syrk!('L', 'T', 1.0, ml0, 0.0, ml3);tmp14 = (tmp12^T tmp12);2023-02-06 18:43:40.367107
algorithm84;trsv_1e+06;1e+06;trsv!('L', 'N', 'N', ml1, ml2);tmp68 = (L2^-1 y);2023-02-06 18:43:41.367107
algorithm84;LAPACK.potrf_3.33e+05;3.33e+05;LAPACK.potrf!('L', ml3);(L15 L15^T) = tmp14;2023-02-06 18:43:42.367107
algorithm84;trsm_1e+07;1e+07;trsm!('R', 'L', 'T', 'N', 1.0, ml3, ml0);tmp70 = (tmp12 L15^-T);2023-02-06 18:43:43.367107
algorithm84;trsm_1e+07;1e+07;trsm!('R', 'L', 'N', 'N', 1.0, ml3, ml0);tmp72 = (tmp70 L15^-1);2023-02-06 18:43:44.367107
algorithm84;gemv_2e+05;2e+05;gemv!('T', 1.0, ml0, ml2, 0.0, ml4);tmp24 = (tmp72^T tmp68);2023-02-06 18:43:45.367107
algorithm58;LAPACK.potrf_3.33e+08;3.33e+08;LAPACK.potrf!('L', ml1);(L2 L2^T) = M;2023-02-06 18:00:18.367107
algorithm58;trsm_1e+08;1e+08;trsm!('L', 'L', 'N', 'N', 1.0, ml1, ml0);tmp12 = (L2^-1 X);2023-02-06 18:00:19.367107
algorithm58;trsv_1e+06;1e+06;trsv!('L', 'N', 'N', ml1, ml2);tmp68 = (L2^-1 y);2023-02-06 18:00:20.367107
algorithm58;gemm_2e+07;2e+07;gemm!('T', 'N', 1.0, ml0, ml0, 0.0, ml3);tmp14 = (tmp12^T tmp12);2023-02-06 18:00:21.367107
algorithm58;gemv_2e+05;2e+05;gemv!('T', 1.0, ml0, ml2, 0.0, ml4);tmp21 = (tmp12^T tmp68);2023-02-06 18:00:22.367107
algorithm58;LAPACK.potrf_3.33e+05;3.33e+05;LAPACK.potrf!('L', ml3);(L15 L15^T) = tmp14;2023-02-06 18:00:23.367107
algorithm58;trsv_1e+04;1e+04;trsv!('L', 'N', 'N', ml3, ml4);tmp23 = (L15^-1 tmp21);2023-02-06 18:00:24.367107
algorithm58;trsv_1e+04;1e+04;trsv!('L', 'T', 'N', ml3, ml4);tmp24 = (L15^-T tmp23);2023-02-06 18:00:25.367107
algorithm50;LAPACK.potrf_3.33e+08;3.33e+08;LAPACK.potrf!('L', ml1);(L2 L2^T) = M;2023-02-06 17:46:58.367107
algorithm50;trsv_1e+06;1e+06;trsv!('L', 'N', 'N', ml1, ml2);tmp68 = (L2^-1 y);2023-02-06 17:46:59.367107
algorithm50;trsm_1e+08;1e+08;trsm!('L', 'L', 'N', 'N', 1.0, ml1, ml0);tmp12 = (L2^-1 X);2023-02-06 17:47:00.367107
algorithm50;syrk_1e+07;1e+07;syrk!('L', 'T', 1.0, ml0, 0.0, ml3);tmp14 = (tmp12^T tmp12);2023-02-06 17:47:01.367107
algorithm50;LAPACK.potrf_3.33e+05;3.33e+05;LAPACK.potrf!('L', ml3);(L15 L15^T) = tmp14;2023-02-06 17:47:02.367107
algorithm50;trsm_1e+07;1e+07;trsm!('R', 'L', 'T', 'N', 1.0, ml3, ml0);tmp70 = (tmp12 L15^-T);2023-02-06 17:47:03.367107
algorithm50;gemv_2e+05;2e+05;gemv!('T', 1.0, ml0, ml2, 0.0, ml4);tmp23 = (tmp70^T tmp68);2023-02-06 17:47:04.367107
algorithm50;trsv_1e+04;1e+04;trsv!('L', 'T', 'N', ml3, ml4);tmp24 = (L15^-T tmp23);2023-02-06 17:47:05.367107
algorithm88;transpose_1;1;transpose!(ml3, ml0);tmp56 = X^T;2023-02-06 18:50:18.367107
algorithm88;LAPACK.potrf_3.33e+08;3.33e+08;LAPACK.potrf!('L', ml1);(L2 L2^T) = M;2023-02-06 18:50:19.367107
algorithm88;trsm_1e+08;1e+08;trsm!('L', 'L', 'N', 'N', 1.0, ml1, ml0);tmp12 = (L2^-1 X);2023-02-06 18:50:20.367107
algorithm88;syrk_1e+07;1e+07;syrk!('L', 'T', 1.0, ml0, 0.0, ml4);tmp14 = (tmp12^T tmp12);2023-02-06 18:50:21.367107
algorithm88;LAPACK.potrf_3.33e+05;3.33e+05;LAPACK.potrf!('L', ml4);(L15 L15^T) = tmp14;2023-02-06 18:50:22.367107
algorithm88;trsm_1e+07;1e+07;trsm!('L', 'L', 'N', 'N', 1.0, ml4, ml3);tmp219 = (L15^-1 tmp56);2023-02-06 18:50:23.367107
algorithm88;trsm_1e+07;1e+07;trsm!('L', 'L', 'T', 'N', 1.0, ml4, ml3);tmp90 = (L15^-T tmp219);2023-02-06 18:50:24.367107
algorithm88;trsv_1e+06;1e+06;trsv!('L', 'N', 'N', ml1, ml2);tmp68 = (L2^-1 y);2023-02-06 18:50:25.367107
algorithm88;trsv_1e+06;1e+06;trsv!('L', 'T', 'N', ml1, ml2);tmp71 = (L2^-T tmp68);2023-02-06 18:50:26.367107
algorithm88;gemv_2e+05;2e+05;gemv!('N', 1.0, ml3, ml2, 0.0, ml5);tmp24 = (tmp90 tmp71);2023-02-06 18:50:27.367107
algorithm37;transpose_1;1;transpose!(ml3, ml0);tmp56 = X^T;2023-02-06 17:25:18.367107
algorithm37;LAPACK.potrf_3.33e+08;3.33e+08;LAPACK.potrf!('L', ml1);(L2 L2^T) = M;2023-02-06 17:25:19.367107
algorithm37;trsv_1e+06;1e+06;trsv!('L', 'N', 'N', ml1, ml2);tmp68 = (L2^-1 y);2023-02-06 17:25:20.367107
algorithm37;trsm_1e+08;1e+08;trsm!('L', 'L', 'N', 'N', 1.0, ml1, ml0);tmp12 = (L2^-1 X);2023-02-06 17:25:21.367107
algorithm37;syrk_1e+07;1e+07;syrk!('L', 'T', 1.0, ml0, 0.0, ml4);tmp14 = (tmp12^T tmp12);2023-02-06 17:25:22.367107
algorithm37;trsv_1e+06;1e+06;trsv!('L', 'T', 'N', ml1, ml2);tmp71 = (L2^-T tmp68);2023-02-06 17:25:23.367107
algorithm37;gemv_2e+05;2e+05;gemv!('N', 1.0, ml3, ml2, 0.0, ml5);tmp21 = (tmp56 tmp71);2023-02-06 17:25:24.367107
algorithm37;ml4 = qr_2.67e+06;2.67e+06;ml4 = qr!(ml4);(Q16 R17) = tmp14;2023-02-06 17:25:25.367107
algorithm37;gemv_2e+04;2e+04;gemv!('T', 1.0, ml6, ml5, 0.0, ml7);tmp25 = (Q16^T tmp21);2023-02-06 17:25:26.367107
algorithm37;trsv_1e+04;1e+04;trsv!('U', 'N', 'N', ml8, ml7);tmp24 = (R17^-1 tmp25);2023-02-06 17:25:27.367107
algorithm73;LAPACK.potrf_3.33e+08;3.33e+08;LAPACK.potrf!('L', ml1);(L2 L2^T) = M;2023-02-06 18:25:18.367107
algorithm73;trsm_1e+08;1e+08;trsm!('L', 'L', 'N', 'N', 1.0, ml1, ml0);tmp12 = (L2^-1 X);2023-02-06 18:25:19.367107
algorithm73;trsv_1e+06;1e+06;trsv!('L', 'N', 'N', ml1, ml2);tmp68 = (L2^-1 y);2023-02-06 18:25:20.367107
algorithm73;gemm_2e+07;2e+07;gemm!('T', 'N', 1.0, ml0, ml0, 0.0, ml3);tmp14 = (tmp12^T tmp12);2023-02-06 18:25:21.367107
algorithm73;gemv_2e+05;2e+05;gemv!('T', 1.0, ml0, ml2, 0.0, ml4);tmp21 = (tmp12^T tmp68);2023-02-06 18:25:22.367107
algorithm73;ml3 = qr_2.67e+06;2.67e+06;ml3 = qr!(ml3);(Q16 R17) = tmp14;2023-02-06 18:25:23.367107
algorithm73;gemv_2e+04;2e+04;gemv!('T', 1.0, ml5, ml4, 0.0, ml6);tmp25 = (Q16^T tmp21);2023-02-06 18:25:24.367107
algorithm73;trsv_1e+04;1e+04;trsv!('U', 'N', 'N', ml7, ml6);tmp24 = (R17^-1 tmp25);2023-02-06 18:25:25.367107
algorithm82;LAPACK.potrf_3.33e+08;3.33e+08;LAPACK.potrf!('L', ml1);(L2 L2^T) = M;2023-02-06 18:40:18.367107
algorithm82;trsm_1e+08;1e+08;trsm!('L', 'L', 'N', 'N', 1.0, ml1, ml0);tmp12 = (L2^-1 X);2023-02-06 18:40:19.367107
algorithm82;syrk_1e+07;1e+07;syrk!('L', 'T', 1.0, ml0, 0.0, ml3);tmp14 = (tmp12^T tmp12);2023-02-06 18:40:20.367107
algorithm82;LAPACK.potrf_3.33e+05;3.33e+05;LAPACK.potrf!('L', ml3);(L15 L15^T) = tmp14;2023-02-06 18:40:21.367107
algorithm82;trsv_1e+06;1e+06;trsv!('L', 'N', 'N', ml1, ml2);tmp68 = (L2^-1 y);2023-02-06 18:40:22.367107
algorithm82;trsm_1e+07;1e+07;trsm!('R', 'L', 'T', 'N', 1.0, ml3, ml0);tmp70 = (tmp12 L15^-T);2023-02-06 18:40:23.367107
algorithm82;trsm_1e+07;1e+07;trsm!('R', 'L', 'N', 'N', 1.0, ml3, ml0);tmp72 = (tmp70 L15^-1);2023-02-06 18:40:24.367107
algorithm82;gemv_2e+05;2e+05;gemv!('T', 1.0, ml0, ml2, 0.0, ml4);tmp24 = (tmp72^T tmp68);2023-02-06 18:40:25.367107
algorithm79;LAPACK.potrf_3.33e+08;3.33e+08;LAPACK.potrf!('L', ml1);(L2 L2^T) = M;2023-02-06 18:35:18.367107
algorithm79;trsm_1e+08;1e+08;trsm!('L', 'L', 'N', 'N', 1.0, ml1, ml0);tmp12 = (L2^-1 X);2023-02-06 18:35:19.367107
algorithm79;trsv_1e+06;1e+06;trsv!('L', 'N', 'N', ml1, ml2);tmp68 = (L2^-1 y);2023-02-06 18:35:20.367107
algorithm79;gemm_2e+07;2e+07;gemm!('T', 'N', 1.0, ml0, ml0, 0.0, ml3);tmp14 = (tmp12^T tmp12);2023-02-06 18:35:21.367107
algorithm79;gemv_2e+05;2e+05;gemv!('T', 1.0, ml0, ml2, 0.0, ml4);tmp21 = (tmp12^T tmp68);2023-02-06 18:35:22.367107
algorithm79;ml5, ml3 = LAPACK.syev_3.34e+06;3.34e+06;ml5, ml3 = LAPACK.syev!('V', 'L', ml3);(Z18 W19 Z18^T) = tmp14;2023-02-06 18:35:23.367107
algorithm79;gemv_2e+04;2e+04;gemv!('T', 1.0, ml3, ml4, 0.0, ml6);tmp268 = (Z18^T tmp21);2023-02-06 18:35:24.367107
algorithm79;gemv_100;100;gemv!('N', 1.0, ml3, ml6, 0.0, ml7);tmp269 = (W19^-1 tmp268);2023-02-06 18:35:25.367107
algorithm29;LAPACK.potrf_3.33e+08;3.33e+08;LAPACK.potrf!('L', ml1);(L2 L2^T) = M;2023-02-06 17:11:58.367107
algorithm29;trsv_1e+06;1e+06;trsv!('L', 'N', 'N', ml1, ml2);tmp68 = (L2^-1 y);2023-02-06 17:11:59.367107
algorithm29;trsm_1e+08;1e+08;trsm!('L', 'L', 'N', 'N', 1.0, ml1, ml0);tmp12 = (L2^-1 X);2023-02-06 17:12:00.367107
algorithm29;gemv_2e+05;2e+05;gemv!('T', 1.0, ml0, ml2, 0.0, ml3);tmp21 = (tmp12^T tmp68);2023-02-06 17:12:01.367107
algorithm29;syrk_1e+07;1e+07;syrk!('L', 'T', 1.0, ml0, 0.0, ml4);tmp14 = (tmp12^T tmp12);2023-02-06 17:12:02.367107
algorithm29;ml5, ml4 = LAPACK.syev_3.34e+06;3.34e+06;ml5, ml4 = LAPACK.syev!('V', 'L', ml4);(Z18 W19 Z18^T) = tmp14;2023-02-06 17:12:03.367107
algorithm29;gemv_2e+04;2e+04;gemv!('T', 1.0, ml4, ml3, 0.0, ml6);tmp268 = (Z18^T tmp21);2023-02-06 17:12:04.367107
algorithm29;gemv_100;100;gemv!('N', 1.0, ml4, ml6, 0.0, ml7);tmp269 = (W19^-1 tmp268);2023-02-06 17:12:05.367107
algorithm19;LAPACK.potrf_3.33e+08;3.33e+08;LAPACK.potrf!('L', ml1);(L2 L2^T) = M;2023-02-06 16:55:18.367107
algorithm19;trsm_1e+08;1e+08;trsm!('L', 'L', 'N', 'N', 1.0, ml1, ml0);tmp12 = (L2^-1 X);2023-02-06 16:55:19.367107
algorithm19;syrk_1e+07;1e+07;syrk!('L', 'T', 1.0, ml0, 0.0, ml3);tmp14 = (tmp12^T tmp12);2023-02-06 16:55:20.367107
algorithm19;trsv_1e+06;1e+06;trsv!('L', 'N', 'N', ml1, ml2);tmp68 = (L2^-1 y);2023-02-06 16:55:21.367107
algorithm19;ml3 = qr_2.67e+06;2.67e+06;ml3 = qr!(ml3);(Q16 R17) = tmp14;2023-02-06 16:55:22.367107
algorithm19;gemv_2e+05;2e+05;gemv!('T', 1.0, ml0, ml2, 0.0, ml4);tmp21 = (tmp12^T tmp68);2023-02-06 16:55:23.367107
algorithm19;gemv_2e+04;2e+04;gemv!('T', 1.0, ml5, ml4, 0.0, ml6);tmp25 = (Q16^T tmp21);2023-02-06 16:55:24.367107
algorithm19;trsv_1e+04;1e+04;trsv!('U', 'N', 'N', ml7, ml6);tmp24 = (R17^-1 tmp25);2023-02-06 16:55:25.367107
algorithm32;LAPACK.potrf_3.33e+08;3.33e+08;LAPACK.potrf!('L', ml1);(L2 L2^T) = M;2023-02-06 17:16:58.367107
algorithm32;trsm_1e+08;1e+08;trsm!('L', 'L', 'N', 'N', 1.0, ml1, ml0);tmp12 = (L2^-1 X);2023-02-06 17:16:59.367107
algorithm32;trsv_1e+06;1e+06;trsv!('L', 'N', 'N', ml1, ml2);tmp68 = (L2^-1 y);2023-02-06 17:17:00.367107
algorithm32;gemv_2e+05;2e+05;gemv!('T', 1.0, ml0, ml2, 0.0, ml3);tmp21 = (tmp12^T tmp68);2023-02-06 17:17:01.367107
algorithm32;syrk_1e+07;1e+07;syrk!('L', 'T', 1.0, ml0, 0.0, ml4);tmp14 = (tmp12^T tmp12);2023-02-06 17:17:02.367107
algorithm32;ml5, ml4 = LAPACK.syev_3.34e+06;3.34e+06;ml5, ml4 = LAPACK.syev!('V', 'L', ml4);(Z18 W19 Z18^T) = tmp14;2023-02-06 17:17:03.367107
algorithm32;gemv_2e+04;2e+04;gemv!('T', 1.0, ml4, ml3, 0.0, ml6);tmp268 = (Z18^T tmp21);2023-02-06 17:17:04.367107
algorithm32;gemv_100;100;gemv!('N', 1.0, ml4, ml6, 0.0, ml7);tmp269 = (W19^-1 tmp268);2023-02-06 17:17:05.367107
algorithm61;transpose_1;1;transpose!(ml3, ml0);tmp56 = X^T;2023-02-06 18:05:18.367107
algorithm61;LAPACK.potrf_3.33e+08;3.33e+08;LAPACK.potrf!('L', ml1);(L2 L2^T) = M;2023-02-06 18:05:19.367107
algorithm61;trsv_1e+06;1e+06;trsv!('L', 'N', 'N', ml1, ml2);tmp68 = (L2^-1 y);2023-02-06 18:05:20.367107
algorithm61;trsm_1e+08;1e+08;trsm!('L', 'L', 'N', 'N', 1.0, ml1, ml0);tmp12 = (L2^-1 X);2023-02-06 18:05:21.367107
algorithm61;syrk_1e+07;1e+07;syrk!('L', 'T', 1.0, ml0, 0.0, ml4);tmp14 = (tmp12^T tmp12);2023-02-06 18:05:22.367107
algorithm61;LAPACK.potrf_3.33e+05;3.33e+05;LAPACK.potrf!('L', ml4);(L15 L15^T) = tmp14;2023-02-06 18:05:23.367107
algorithm61;trsm_1e+07;1e+07;trsm!('L', 'L', 'N', 'N', 1.0, ml4, ml3);tmp219 = (L15^-1 tmp56);2023-02-06 18:05:24.367107
algorithm61;trsv_1e+06;1e+06;trsv!('L', 'T', 'N', ml1, ml2);tmp71 = (L2^-T tmp68);2023-02-06 18:05:25.367107
algorithm61;gemv_2e+05;2e+05;gemv!('N', 1.0, ml3, ml2, 0.0, ml5);tmp23 = (tmp219 tmp71);2023-02-06 18:05:26.367107
algorithm61;trsv_1e+04;1e+04;trsv!('L', 'T', 'N', ml4, ml5);tmp24 = (L15^-T tmp23);2023-02-06 18:05:27.367107
algorithm80;LAPACK.potrf_3.33e+08;3.33e+08;LAPACK.potrf!('L', ml1);(L2 L2^T) = M;2023-02-06 18:36:58.367107
algorithm80;trsm_1e+08;1e+08;trsm!('L', 'L', 'N', 'N', 1.0, ml1, ml0);tmp12 = (L2^-1 X);2023-02-06 18:36:59.367107
algorithm80;syrk_1e+07;1e+07;syrk!('L', 'T', 1.0, ml0, 0.0, ml3);tmp14 = (tmp12^T tmp12);2023-02-06 18:37:00.367107
algorithm80;LAPACK.potrf_3.33e+05;3.33e+05;LAPACK.potrf!('L', ml3);(L15 L15^T) = tmp14;2023-02-06 18:37:01.367107
algorithm80;trsm_1e+07;1e+07;trsm!('R', 'L', 'T', 'N', 1.0, ml3, ml0);tmp70 = (tmp12 L15^-T);2023-02-06 18:37:02.367107
algorithm80;trsm_1e+07;1e+07;trsm!('R', 'L', 'N', 'N', 1.0, ml3, ml0);tmp72 = (tmp70 L15^-1);2023-02-06 18:37:03.367107
algorithm80;trsv_1e+06;1e+06;trsv!('L', 'N', 'N', ml1, ml2);tmp68 = (L2^-1 y);2023-02-06 18:37:04.367107
algorithm80;gemv_2e+05;2e+05;gemv!('T', 1.0, ml0, ml2, 0.0, ml4);tmp24 = (tmp72^T tmp68);2023-02-06 18:37:05.367107
algorithm48;LAPACK.potrf_3.33e+08;3.33e+08;LAPACK.potrf!('L', ml1);(L2 L2^T) = M;2023-02-06 17:43:38.367107
algorithm48;trsm_1e+08;1e+08;trsm!('L', 'L', 'N', 'N', 1.0, ml1, ml0);tmp12 = (L2^-1 X);2023-02-06 17:43:39.367107
algorithm48;syrk_1e+07;1e+07;syrk!('L', 'T', 1.0, ml0, 0.0, ml3);tmp14 = (tmp12^T tmp12);2023-02-06 17:43:40.367107
algorithm48;LAPACK.potrf_3.33e+05;3.33e+05;LAPACK.potrf!('L', ml3);(L15 L15^T) = tmp14;2023-02-06 17:43:41.367107
algorithm48;trsm_1e+07;1e+07;trsm!('R', 'L', 'T', 'N', 1.0, ml3, ml0);tmp70 = (tmp12 L15^-T);2023-02-06 17:43:42.367107
algorithm48;trsv_1e+06;1e+06;trsv!('L', 'N', 'N', ml1, ml2);tmp68 = (L2^-1 y);2023-02-06 17:43:43.367107
algorithm48;gemv_2e+05;2e+05;gemv!('T', 1.0, ml0, ml2, 0.0, ml4);tmp23 = (tmp70^T tmp68);2023-02-06 17:43:44.367107
algorithm48;trsv_1e+04;1e+04;trsv!('L', 'T', 'N', ml3, ml4);tmp24 = (L15^-T tmp23);2023-02-06 17:43:45.367107
algorithm45;transpose_1;1;transpose!(ml3, ml0);tmp56 = X^T;2023-02-06 17:38:38.367107
algorithm45;LAPACK.potrf_3.33e+08;3.33e+08;LAPACK.potrf!('L', ml1);(L2 L2^T) = M;2023-02-06 17:38:39.367107
algorithm45;trsm_1e+08;1e+08;trsm!('L', 'L', 'N', 'N', 1.0, ml1, ml0);tmp12 = (L2^-1 X);2023-02-06 17:38:40.367107
algorithm45;syrk_1e+07;1e+07;syrk!('L', 'T', 1.0, ml0, 0.0, ml4);tmp14 = (tmp12^T tmp12);2023-02-06 17:38:41.367107
algorithm45;trsv_1e+06;1e+06;trsv!('L', 'N', 'N', ml1, ml2);tmp68 = (L2^-1 y);2023-02-06 17:38:42.367107
algorithm45;ml5, ml4 = LAPACK.syev_3.34e+06;3.34e+06;ml5, ml4 = LAPACK.syev!('V', 'L', ml4);(Z18 W19 Z18^T) = tmp14;2023-02-06 17:38:43.367107
algorithm45;trsv_1e+06;1e+06;trsv!('L', 'T', 'N', ml1, ml2);tmp71 = (L2^-T tmp68);2023-02-06 17:38:44.367107
algorithm45;gemv_2e+05;2e+05;gemv!('N', 1.0, ml3, ml2, 0.0, ml6);tmp21 = (tmp56 tmp71);2023-02-06 17:38:45.367107
algorithm45;gemv_2e+04;2e+04;gemv!('T', 1.0, ml4, ml6, 0.0, ml7);tmp268 = (Z18^T tmp21);2023-02-06 17:38:46.367107
algorithm45;gemv_100;100;gemv!('N', 1.0, ml4, ml7, 0.0, ml8);tmp269 = (W19^-1 tmp268);2023-02-06 17:38:47.367107
algorithm68;LAPACK.potrf_3.33e+08;3.33e+08;LAPACK.potrf!('L', ml1);(L2 L2^T) = M;2023-02-06 18:16:58.367107
algorithm68;trsv_1e+06;1e+06;trsv!('L', 'N', 'N', ml1, ml2);tmp68 = (L2^-1 y);2023-02-06 18:16:59.367107
algorithm68;trsm_1e+08;1e+08;trsm!('L', 'L', 'N', 'N', 1.0, ml1, ml0);tmp12 = (L2^-1 X);2023-02-06 18:17:00.367107
algorithm68;gemm_2e+07;2e+07;gemm!('T', 'N', 1.0, ml0, ml0, 0.0, ml3);tmp14 = (tmp12^T tmp12);2023-02-06 18:17:01.367107
algorithm68;ml3 = qr_2.67e+06;2.67e+06;ml3 = qr!(ml3);(Q16 R17) = tmp14;2023-02-06 18:17:02.367107
algorithm68;gemv_2e+05;2e+05;gemv!('T', 1.0, ml0, ml2, 0.0, ml4);tmp21 = (tmp12^T tmp68);2023-02-06 18:17:03.367107
algorithm68;gemv_2e+04;2e+04;gemv!('T', 1.0, ml5, ml4, 0.0, ml6);tmp25 = (Q16^T tmp21);2023-02-06 18:17:04.367107
algorithm68;trsv_1e+04;1e+04;trsv!('U', 'N', 'N', ml7, ml6);tmp24 = (R17^-1 tmp25);2023-02-06 18:17:05.367107
algorithm92;transpose_1;1;transpose!(ml3, ml0);tmp56 = X^T;2023-02-06 18:56:58.367107
algorithm92;LAPACK.potrf_3.33e+08;3.33e+08;LAPACK.potrf!('L', ml1);(L2 L2^T) = M;2023-02-06 18:56:59.367107
algorithm92;trsv_1e+06;1e+06;trsv!('L', 'N', 'N', ml1, ml2);tmp68 = (L2^-1 y);2023-02-06 18:57:00.367107
algorithm92;trsm_1e+08;1e+08;trsm!('L', 'L', 'N', 'N', 1.0, ml1, ml0);tmp12 = (L2^-1 X);2023-02-06 18:57:01.367107
algorithm92;syrk_1e+07;1e+07;syrk!('L', 'T', 1.0, ml0, 0.0, ml4);tmp14 = (tmp12^T tmp12);2023-02-06 18:57:02.367107
algorithm92;LAPACK.potrf_3.33e+05;3.33e+05;LAPACK.potrf!('L', ml4);(L15 L15^T) = tmp14;2023-02-06 18:57:03.367107
algorithm92;trsm_1e+07;1e+07;trsm!('L', 'L', 'N', 'N', 1.0, ml4, ml3);tmp219 = (L15^-1 tmp56);2023-02-06 18:57:04.367107
algorithm92;trsv_1e+06;1e+06;trsv!('L', 'T', 'N', ml1, ml2);tmp71 = (L2^-T tmp68);2023-02-06 18:57:05.367107
algorithm92;trsm_1e+07;1e+07;trsm!('L', 'L', 'T', 'N', 1.0, ml4, ml3);tmp90 = (L15^-T tmp219);2023-02-06 18:57:06.367107
algorithm92;gemv_2e+05;2e+05;gemv!('N', 1.0, ml3, ml2, 0.0, ml5);tmp24 = (tmp90 tmp71);2023-02-06 18:57:07.367107
algorithm34;transpose_1;1;transpose!(ml3, ml0);tmp56 = X^T;2023-02-06 17:20:18.367107
algorithm34;LAPACK.potrf_3.33e+08;3.33e+08;LAPACK.potrf!('L', ml1);(L2 L2^T) = M;2023-02-06 17:20:19.367107
algorithm34;trsm_1e+08;1e+08;trsm!('L', 'L', 'N', 'N', 1.0, ml1, ml0);tmp12 = (L2^-1 X);2023-02-06 17:20:20.367107
algorithm34;syrk_1e+07;1e+07;syrk!('L', 'T', 1.0, ml0, 0.0, ml4);tmp14 = (tmp12^T tmp12);2023-02-06 17:20:21.367107
algorithm34;ml4 = qr_2.67e+06;2.67e+06;ml4 = qr!(ml4);(Q16 R17) = tmp14;2023-02-06 17:20:22.367107
algorithm34;trsv_1e+06;1e+06;trsv!('L', 'N', 'N', ml1, ml2);tmp68 = (L2^-1 y);2023-02-06 17:20:23.367107
algorithm34;trsv_1e+06;1e+06;trsv!('L', 'T', 'N', ml1, ml2);tmp71 = (L2^-T tmp68);2023-02-06 17:20:24.367107
algorithm34;gemv_2e+05;2e+05;gemv!('N', 1.0, ml3, ml2, 0.0, ml5);tmp21 = (tmp56 tmp71);2023-02-06 17:20:25.367107
algorithm34;gemv_2e+04;2e+04;gemv!('T', 1.0, ml6, ml5, 0.0, ml7);tmp25 = (Q16^T tmp21);2023-02-06 17:20:26.367107
algorithm34;trsv_1e+04;1e+04;trsv!('U', 'N', 'N', ml8, ml7);tmp24 = (R17^-1 tmp25);2023-02-06 17:20:27.367107
algorithm44;transpose_1;1;transpose!(ml3, ml0);tmp56 = X^T;2023-02-06 17:36:58.367107
algorithm44;LAPACK.potrf_3.33e+08;3.33e+08;LAPACK.potrf!('L', ml1);(L2 L2^T) = M;2023-02-06 17:36:59.367107
algorithm44;trsv_1e+06;1e+06;trsv!('L', 'N', 'N', ml1, ml2);tmp68 = (L2^-1 y);2023-02-06 17:37:00.367107
algorithm44;trsm_1e+08;1e+08;trsm!('L', 'L', 'N', 'N', 1.0, ml1, ml0);tmp12 = (L2^-1 X);2023-02-06 17:37:01.367107
algorithm44;syrk_1e+07;1e+07;syrk!('L', 'T', 1.0, ml0, 0.0, ml4);tmp14 = (tmp12^T tmp12);2023-02-06 17:37:02.367107
algorithm44;trsv_1e+06;1e+06;trsv!('L', 'T', 'N', ml1, ml2);tmp71 = (L2^-T tmp68);2023-02-06 17:37:03.367107
algorithm44;gemv_2e+05;2e+05;gemv!('N', 1.0, ml3, ml2, 0.0, ml5);tmp21 = (tmp56 tmp71);2023-02-06 17:37:04.367107
algorithm44;ml6, ml4 = LAPACK.syev_3.34e+06;3.34e+06;ml6, ml4 = LAPACK.syev!('V', 'L', ml4);(Z18 W19 Z18^T) = tmp14;2023-02-06 17:37:05.367107
algorithm44;gemv_2e+04;2e+04;gemv!('T', 1.0, ml4, ml5, 0.0, ml7);tmp268 = (Z18^T tmp21);2023-02-06 17:37:06.367107
algorithm44;gemv_100;100;gemv!('N', 1.0, ml4, ml7, 0.0, ml8);tmp269 = (W19^-1 tmp268);2023-02-06 17:37:07.367107
algorithm22;LAPACK.potrf_3.33e+08;3.33e+08;LAPACK.potrf!('L', ml1);(L2 L2^T) = M;2023-02-06 17:00:18.367107
algorithm22;trsm_1e+08;1e+08;trsm!('L', 'L', 'N', 'N', 1.0, ml1, ml0);tmp12 = (L2^-1 X);2023-02-06 17:00:19.367107
algorithm22;syrk_1e+07;1e+07;syrk!('L', 'T', 1.0, ml0, 0.0, ml3);tmp14 = (tmp12^T tmp12);2023-02-06 17:00:20.367107
algorithm22;trsv_1e+06;1e+06;trsv!('L', 'N', 'N', ml1, ml2);tmp68 = (L2^-1 y);2023-02-06 17:00:21.367107
algorithm22;gemv_2e+05;2e+05;gemv!('T', 1.0, ml0, ml2, 0.0, ml4);tmp21 = (tmp12^T tmp68);2023-02-06 17:00:22.367107
algorithm22;ml3 = qr_2.67e+06;2.67e+06;ml3 = qr!(ml3);(Q16 R17) = tmp14;2023-02-06 17:00:23.367107
algorithm22;gemv_2e+04;2e+04;gemv!('T', 1.0, ml5, ml4, 0.0, ml6);tmp25 = (Q16^T tmp21);2023-02-06 17:00:24.367107
algorithm22;trsv_1e+04;1e+04;trsv!('U', 'N', 'N', ml7, ml6);tmp24 = (R17^-1 tmp25);2023-02-06 17:00:25.367107
algorithm12;transpose_1;1;transpose!(ml3, ml0);tmp56 = X^T;2023-02-06 16:43:38.367107
algorithm12;LAPACK.potrf_3.33e+08;3.33e+08;LAPACK.potrf!('L', ml1);(L2 L2^T) = M;2023-02-06 16:43:39.367107
algorithm12;trsv_1e+06;1e+06;trsv!('L', 'N', 'N', ml1, ml2);tmp68 = (L2^-1 y);2023-02-06 16:43:40.367107
algorithm12;trsm_1e+08;1e+08;trsm!('L', 'L', 'N', 'N', 1.0, ml1, ml0);tmp12 = (L2^-1 X);2023-02-06 16:43:41.367107
algorithm12;syrk_1e+07;1e+07;syrk!('L', 'T', 1.0, ml0, 0.0, ml4);tmp14 = (tmp12^T tmp12);2023-02-06 16:43:42.367107
algorithm12;trsv_1e+06;1e+06;trsv!('L', 'T', 'N', ml1, ml2);tmp71 = (L2^-T tmp68);2023-02-06 16:43:43.367107
algorithm12;gemv_2e+05;2e+05;gemv!('N', 1.0, ml3, ml2, 0.0, ml5);tmp21 = (tmp56 tmp71);2023-02-06 16:43:44.367107
algorithm12;LAPACK.potrf_3.33e+05;3.33e+05;LAPACK.potrf!('L', ml4);(L15 L15^T) = tmp14;2023-02-06 16:43:45.367107
algorithm12;trsv_1e+04;1e+04;trsv!('L', 'N', 'N', ml4, ml5);tmp23 = (L15^-1 tmp21);2023-02-06 16:43:46.367107
algorithm12;trsv_1e+04;1e+04;trsv!('L', 'T', 'N', ml4, ml5);tmp24 = (L15^-T tmp23);2023-02-06 16:43:47.367107
algorithm89;transpose_1;1;transpose!(ml3, ml0);tmp56 = X^T;2023-02-06 18:51:58.367107
algorithm89;LAPACK.potrf_3.33e+08;3.33e+08;LAPACK.potrf!('L', ml1);(L2 L2^T) = M;2023-02-06 18:51:59.367107
algorithm89;trsv_1e+06;1e+06;trsv!('L', 'N', 'N', ml1, ml2);tmp68 = (L2^-1 y);2023-02-06 18:52:00.367107
algorithm89;trsm_1e+08;1e+08;trsm!('L', 'L', 'N', 'N', 1.0, ml1, ml0);tmp12 = (L2^-1 X);2023-02-06 18:52:01.367107
algorithm89;syrk_1e+07;1e+07;syrk!('L', 'T', 1.0, ml0, 0.0, ml4);tmp14 = (tmp12^T tmp12);2023-02-06 18:52:02.367107
algorithm89;LAPACK.potrf_3.33e+05;3.33e+05;LAPACK.potrf!('L', ml4);(L15 L15^T) = tmp14;2023-02-06 18:52:03.367107
algorithm89;trsm_1e+07;1e+07;trsm!('L', 'L', 'N', 'N', 1.0, ml4, ml3);tmp219 = (L15^-1 tmp56);2023-02-06 18:52:04.367107
algorithm89;trsm_1e+07;1e+07;trsm!('L', 'L', 'T', 'N', 1.0, ml4, ml3);tmp90 = (L15^-T tmp219);2023-02-06 18:52:05.367107
algorithm89;trsv_1e+06;1e+06;trsv!('L', 'T', 'N', ml1, ml2);tmp71 = (L2^-T tmp68);2023-02-06 18:52:06.367107
algorithm89;gemv_2e+05;2e+05;gemv!('N', 1.0, ml3, ml2, 0.0, ml5);tmp24 = (tmp90 tmp71);2023-02-06 18:52:07.367107
algorithm43;transpose_1;1;transpose!(ml3, ml0);tmp56 = X^T;2023-02-06 17:35:18.367107
algorithm43;LAPACK.potrf_3.33e+08;3.33e+08;LAPACK.potrf!('L', ml1);(L2 L2^T) = M;2023-02-06 17:35:19.367107
algorithm43;trsv_1e+06;1e+06;trsv!('L', 'N', 'N', ml1, ml2);tmp68 = (L2^-1 y);2023-02-06 17:35:20.367107
algorithm43;trsm_1e+08;1e+08;trsm!('L', 'L', 'N', 'N', 1.0, ml1, ml0);tmp12 = (L2^-1 X);2023-02-06 17:35:21.367107
algorithm43;syrk_1e+07;1e+07;syrk!('L', 'T', 1.0, ml0, 0.0, ml4);tmp14 = (tmp12^T tmp12);2023-02-06 17:35:22.367107
algorithm43;ml5, ml4 = LAPACK.syev_3.34e+06;3.34e+06;ml5, ml4 = LAPACK.syev!('V', 'L', ml4);(Z18 W19 Z18^T) = tmp14;2023-02-06 17:35:23.367107
algorithm43;trsv_1e+06;1e+06;trsv!('L', 'T', 'N', ml1, ml2);tmp71 = (L2^-T tmp68);2023-02-06 17:35:24.367107
algorithm43;gemv_2e+05;2e+05;gemv!('N', 1.0, ml3, ml2, 0.0, ml6);tmp21 = (tmp56 tmp71);2023-02-06 17:35:25.367107
algorithm43;gemv_2e+04;2e+04;gemv!('T', 1.0, ml4, ml6, 0.0, ml7);tmp268 = (Z18^T tmp21);2023-02-06 17:35:26.367107
algorithm43;gemv_100;100;gemv!('N', 1.0, ml4, ml7, 0.0, ml8);tmp269 = (W19^-1 tmp268);2023-02-06 17:35:27.367107
algorithm13;transpose_1;1;transpose!(ml3, ml0);tmp56 = X^T;2023-02-06 16:45:18.367107
algorithm13;LAPACK.potrf_3.33e+08;3.33e+08;LAPACK.potrf!('L', ml1);(L2 L2^T) = M;2023-02-06 16:45:19.367107
algorithm13;trsm_1e+08;1e+08;trsm!('L', 'L', 'N', 'N', 1.0, ml1, ml0);tmp12 = (L2^-1 X);2023-02-06 16:45:20.367107
algorithm13;syrk_1e+07;1e+07;syrk!('L', 'T', 1.0, ml0, 0.0, ml4);tmp14 = (tmp12^T tmp12);2023-02-06 16:45:21.367107
algorithm13;trsv_1e+06;1e+06;trsv!('L', 'N', 'N', ml1, ml2);tmp68 = (L2^-1 y);2023-02-06 16:45:22.367107
algorithm13;trsv_1e+06;1e+06;trsv!('L', 'T', 'N', ml1, ml2);tmp71 = (L2^-T tmp68);2023-02-06 16:45:23.367107
algorithm13;LAPACK.potrf_3.33e+05;3.33e+05;LAPACK.potrf!('L', ml4);(L15 L15^T) = tmp14;2023-02-06 16:45:24.367107
algorithm13;gemv_2e+05;2e+05;gemv!('N', 1.0, ml3, ml2, 0.0, ml5);tmp21 = (tmp56 tmp71);2023-02-06 16:45:25.367107
algorithm13;trsv_1e+04;1e+04;trsv!('L', 'N', 'N', ml4, ml5);tmp23 = (L15^-1 tmp21);2023-02-06 16:45:26.367107
algorithm13;trsv_1e+04;1e+04;trsv!('L', 'T', 'N', ml4, ml5);tmp24 = (L15^-T tmp23);2023-02-06 16:45:27.367107
algorithm90;transpose_1;1;transpose!(ml3, ml0);tmp56 = X^T;2023-02-06 18:53:38.367107
algorithm90;LAPACK.potrf_3.33e+08;3.33e+08;LAPACK.potrf!('L', ml1);(L2 L2^T) = M;2023-02-06 18:53:39.367107
algorithm90;trsv_1e+06;1e+06;trsv!('L', 'N', 'N', ml1, ml2);tmp68 = (L2^-1 y);2023-02-06 18:53:40.367107
algorithm90;trsm_1e+08;1e+08;trsm!('L', 'L', 'N', 'N', 1.0, ml1, ml0);tmp12 = (L2^-1 X);2023-02-06 18:53:41.367107
algorithm90;syrk_1e+07;1e+07;syrk!('L', 'T', 1.0, ml0, 0.0, ml4);tmp14 = (tmp12^T tmp12);2023-02-06 18:53:42.367107
algorithm90;trsv_1e+06;1e+06;trsv!('L', 'T', 'N', ml1, ml2);tmp71 = (L2^-T tmp68);2023-02-06 18:53:43.367107
algorithm90;LAPACK.potrf_3.33e+05;3.33e+05;LAPACK.potrf!('L', ml4);(L15 L15^T) = tmp14;2023-02-06 18:53:44.367107
algorithm90;trsm_1e+07;1e+07;trsm!('L', 'L', 'N', 'N', 1.0, ml4, ml3);tmp219 = (L15^-1 tmp56);2023-02-06 18:53:45.367107
algorithm90;trsm_1e+07;1e+07;trsm!('L', 'L', 'T', 'N', 1.0, ml4, ml3);tmp90 = (L15^-T tmp219);2023-02-06 18:53:46.367107
algorithm90;gemv_2e+05;2e+05;gemv!('N', 1.0, ml3, ml2, 0.0, ml5);tmp24 = (tmp90 tmp71);2023-02-06 18:53:47.367107
algorithm76;LAPACK.potrf_3.33e+08;3.33e+08;LAPACK.potrf!('L', ml1);(L2 L2^T) = M;2023-02-06 18:30:18.367107
algorithm76;trsv_1e+06;1e+06;trsv!('L', 'N', 'N', ml1, ml2);tmp68 = (L2^-1 y);2023-02-06 18:30:19.367107
algorithm76;trsm_1e+08;1e+08;trsm!('L', 'L', 'N', 'N', 1.0, ml1, ml0);tmp12 = (L2^-1 X);2023-02-06 18:30:20.367107
algorithm76;gemv_2e+05;2e+05;gemv!('T', 1.0, ml0, ml2, 0.0, ml3);tmp21 = (tmp12^T tmp68);2023-02-06 18:30:21.367107
algorithm76;gemm_2e+07;2e+07;gemm!('T', 'N', 1.0, ml0, ml0, 0.0, ml4);tmp14 = (tmp12^T tmp12);2023-02-06 18:30:22.367107
algorithm76;ml5, ml4 = LAPACK.syev_3.34e+06;3.34e+06;ml5, ml4 = LAPACK.syev!('V', 'L', ml4);(Z18 W19 Z18^T) = tmp14;2023-02-06 18:30:23.367107
algorithm76;gemv_2e+04;2e+04;gemv!('T', 1.0, ml4, ml3, 0.0, ml6);tmp268 = (Z18^T tmp21);2023-02-06 18:30:24.367107
algorithm76;gemv_100;100;gemv!('N', 1.0, ml4, ml6, 0.0, ml7);tmp269 = (W19^-1 tmp268);2023-02-06 18:30:25.367107
algorithm85;LAPACK.potrf_3.33e+08;3.33e+08;LAPACK.potrf!('L', ml1);(L2 L2^T) = M;2023-02-06 18:45:18.367107
algorithm85;trsm_1e+08;1e+08;trsm!('L', 'L', 'N', 'N', 1.0, ml1, ml0);tmp12 = (L2^-1 X);2023-02-06 18:45:19.367107
algorithm85;trsv_1e+06;1e+06;trsv!('L', 'N', 'N', ml1, ml2);tmp68 = (L2^-1 y);2023-02-06 18:45:20.367107
algorithm85;syrk_1e+07;1e+07;syrk!('L', 'T', 1.0, ml0, 0.0, ml3);tmp14 = (tmp12^T tmp12);2023-02-06 18:45:21.367107
algorithm85;LAPACK.potrf_3.33e+05;3.33e+05;LAPACK.potrf!('L', ml3);(L15 L15^T) = tmp14;2023-02-06 18:45:22.367107
algorithm85;trsm_1e+07;1e+07;trsm!('R', 'L', 'T', 'N', 1.0, ml3, ml0);tmp70 = (tmp12 L15^-T);2023-02-06 18:45:23.367107
algorithm85;trsm_1e+07;1e+07;trsm!('R', 'L', 'N', 'N', 1.0, ml3, ml0);tmp72 = (tmp70 L15^-1);2023-02-06 18:45:24.367107
algorithm85;gemv_2e+05;2e+05;gemv!('T', 1.0, ml0, ml2, 0.0, ml4);tmp24 = (tmp72^T tmp68);2023-02-06 18:45:25.367107
algorithm77;LAPACK.potrf_3.33e+08;3.33e+08;LAPACK.potrf!('L', ml1);(L2 L2^T) = M;2023-02-06 18:31:58.367107
algorithm77;trsv_1e+06;1e+06;trsv!('L', 'N', 'N', ml1, ml2);tmp68 = (L2^-1 y);2023-02-06 18:31:59.367107
algorithm77;trsm_1e+08;1e+08;trsm!('L', 'L', 'N', 'N', 1.0, ml1, ml0);tmp12 = (L2^-1 X);2023-02-06 18:32:00.367107
algorithm77;gemm_2e+07;2e+07;gemm!('T', 'N', 1.0, ml0, ml0, 0.0, ml3);tmp14 = (tmp12^T tmp12);2023-02-06 18:32:01.367107
algorithm77;gemv_2e+05;2e+05;gemv!('T', 1.0, ml0, ml2, 0.0, ml4);tmp21 = (tmp12^T tmp68);2023-02-06 18:32:02.367107
algorithm77;ml5, ml3 = LAPACK.syev_3.34e+06;3.34e+06;ml5, ml3 = LAPACK.syev!('V', 'L', ml3);(Z18 W19 Z18^T) = tmp14;2023-02-06 18:32:03.367107
algorithm77;gemv_2e+04;2e+04;gemv!('T', 1.0, ml3, ml4, 0.0, ml6);tmp268 = (Z18^T tmp21);2023-02-06 18:32:04.367107
algorithm77;gemv_100;100;gemv!('N', 1.0, ml3, ml6, 0.0, ml7);tmp269 = (W19^-1 tmp268);2023-02-06 18:32:05.367107
algorithm75;LAPACK.potrf_3.33e+08;3.33e+08;LAPACK.potrf!('L', ml1);(L2 L2^T) = M;2023-02-06 18:28:38.367107
algorithm75;trsm_1e+08;1e+08;trsm!('L', 'L', 'N', 'N', 1.0, ml1, ml0);tmp12 = (L2^-1 X);2023-02-06 18:28:39.367107
algorithm75;trsv_1e+06;1e+06;trsv!('L', 'N', 'N', ml1, ml2);tmp68 = (L2^-1 y);2023-02-06 18:28:40.367107
algorithm75;gemm_2e+07;2e+07;gemm!('T', 'N', 1.0, ml0, ml0, 0.0, ml3);tmp14 = (tmp12^T tmp12);2023-02-06 18:28:41.367107
algorithm75;ml4, ml3 = LAPACK.syev_3.34e+06;3.34e+06;ml4, ml3 = LAPACK.syev!('V', 'L', ml3);(Z18 W19 Z18^T) = tmp14;2023-02-06 18:28:42.367107
algorithm75;gemv_2e+05;2e+05;gemv!('T', 1.0, ml0, ml2, 0.0, ml5);tmp21 = (tmp12^T tmp68);2023-02-06 18:28:43.367107
algorithm75;gemv_2e+04;2e+04;gemv!('T', 1.0, ml3, ml5, 0.0, ml6);tmp268 = (Z18^T tmp21);2023-02-06 18:28:44.367107
algorithm75;gemv_100;100;gemv!('N', 1.0, ml3, ml6, 0.0, ml7);tmp269 = (W19^-1 tmp268);2023-02-06 18:28:45.367107
algorithm78;LAPACK.potrf_3.33e+08;3.33e+08;LAPACK.potrf!('L', ml1);(L2 L2^T) = M;2023-02-06 18:33:38.367107
algorithm78;trsm_1e+08;1e+08;trsm!('L', 'L', 'N', 'N', 1.0, ml1, ml0);tmp12 = (L2^-1 X);2023-02-06 18:33:39.367107
algorithm78;trsv_1e+06;1e+06;trsv!('L', 'N', 'N', ml1, ml2);tmp68 = (L2^-1 y);2023-02-06 18:33:40.367107
algorithm78;gemv_2e+05;2e+05;gemv!('T', 1.0, ml0, ml2, 0.0, ml3);tmp21 = (tmp12^T tmp68);2023-02-06 18:33:41.367107
algorithm78;gemm_2e+07;2e+07;gemm!('T', 'N', 1.0, ml0, ml0, 0.0, ml4);tmp14 = (tmp12^T tmp12);2023-02-06 18:33:42.367107
algorithm78;ml5, ml4 = LAPACK.syev_3.34e+06;3.34e+06;ml5, ml4 = LAPACK.syev!('V', 'L', ml4);(Z18 W19 Z18^T) = tmp14;2023-02-06 18:33:43.367107
algorithm78;gemv_2e+04;2e+04;gemv!('T', 1.0, ml4, ml3, 0.0, ml6);tmp268 = (Z18^T tmp21);2023-02-06 18:33:44.367107
algorithm78;gemv_100;100;gemv!('N', 1.0, ml4, ml6, 0.0, ml7);tmp269 = (W19^-1 tmp268);2023-02-06 18:33:45.367107
algorithm30;LAPACK.potrf_3.33e+08;3.33e+08;LAPACK.potrf!('L', ml1);(L2 L2^T) = M;2023-02-06 17:13:38.367107
algorithm30;trsm_1e+08;1e+08;trsm!('L', 'L', 'N', 'N', 1.0, ml1, ml0);tmp12 = (L2^-1 X);2023-02-06 17:13:39.367107
algorithm30;trsv_1e+06;1e+06;trsv!('L', 'N', 'N', ml1, ml2);tmp68 = (L2^-1 y);2023-02-06 17:13:40.367107
algorithm30;syrk_1e+07;1e+07;syrk!('L', 'T', 1.0, ml0, 0.0, ml3);tmp14 = (tmp12^T tmp12);2023-02-06 17:13:41.367107
algorithm30;ml4, ml3 = LAPACK.syev_3.34e+06;3.34e+06;ml4, ml3 = LAPACK.syev!('V', 'L', ml3);(Z18 W19 Z18^T) = tmp14;2023-02-06 17:13:42.367107
algorithm30;gemv_2e+05;2e+05;gemv!('T', 1.0, ml0, ml2, 0.0, ml5);tmp21 = (tmp12^T tmp68);2023-02-06 17:13:43.367107
algorithm30;gemv_2e+04;2e+04;gemv!('T', 1.0, ml3, ml5, 0.0, ml6);tmp268 = (Z18^T tmp21);2023-02-06 17:13:44.367107
algorithm30;gemv_100;100;gemv!('N', 1.0, ml3, ml6, 0.0, ml7);tmp269 = (W19^-1 tmp268);2023-02-06 17:13:45.367107
algorithm23;LAPACK.potrf_3.33e+08;3.33e+08;LAPACK.potrf!('L', ml1);(L2 L2^T) = M;2023-02-06 17:01:58.367107
algorithm23;trsm_1e+08;1e+08;trsm!('L', 'L', 'N', 'N', 1.0, ml1, ml0);tmp12 = (L2^-1 X);2023-02-06 17:01:59.367107
algorithm23;trsv_1e+06;1e+06;trsv!('L', 'N', 'N', ml1, ml2);tmp68 = (L2^-1 y);2023-02-06 17:02:00.367107
algorithm23;gemv_2e+05;2e+05;gemv!('T', 1.0, ml0, ml2, 0.0, ml3);tmp21 = (tmp12^T tmp68);2023-02-06 17:02:01.367107
algorithm23;syrk_1e+07;1e+07;syrk!('L', 'T', 1.0, ml0, 0.0, ml4);tmp14 = (tmp12^T tmp12);2023-02-06 17:02:02.367107
algorithm23;ml4 = qr_2.67e+06;2.67e+06;ml4 = qr!(ml4);(Q16 R17) = tmp14;2023-02-06 17:02:03.367107
algorithm23;gemv_2e+04;2e+04;gemv!('T', 1.0, ml5, ml3, 0.0, ml6);tmp25 = (Q16^T tmp21);2023-02-06 17:02:04.367107
algorithm23;trsv_1e+04;1e+04;trsv!('U', 'N', 'N', ml7, ml6);tmp24 = (R17^-1 tmp25);2023-02-06 17:02:05.367107
algorithm71;LAPACK.potrf_3.33e+08;3.33e+08;LAPACK.potrf!('L', ml1);(L2 L2^T) = M;2023-02-06 18:21:58.367107
algorithm71;trsv_1e+06;1e+06;trsv!('L', 'N', 'N', ml1, ml2);tmp68 = (L2^-1 y);2023-02-06 18:21:59.367107
algorithm71;trsm_1e+08;1e+08;trsm!('L', 'L', 'N', 'N', 1.0, ml1, ml0);tmp12 = (L2^-1 X);2023-02-06 18:22:00.367107
algorithm71;gemm_2e+07;2e+07;gemm!('T', 'N', 1.0, ml0, ml0, 0.0, ml3);tmp14 = (tmp12^T tmp12);2023-02-06 18:22:01.367107
algorithm71;gemv_2e+05;2e+05;gemv!('T', 1.0, ml0, ml2, 0.0, ml4);tmp21 = (tmp12^T tmp68);2023-02-06 18:22:02.367107
algorithm71;ml3 = qr_2.67e+06;2.67e+06;ml3 = qr!(ml3);(Q16 R17) = tmp14;2023-02-06 18:22:03.367107
algorithm71;gemv_2e+04;2e+04;gemv!('T', 1.0, ml5, ml4, 0.0, ml6);tmp25 = (Q16^T tmp21);2023-02-06 18:22:04.367107
algorithm71;trsv_1e+04;1e+04;trsv!('U', 'N', 'N', ml7, ml6);tmp24 = (R17^-1 tmp25);2023-02-06 18:22:05.367107
algorithm3;LAPACK.potrf_3.33e+08;3.33e+08;LAPACK.potrf!('L', ml1);(L2 L2^T) = M;2023-02-06 16:28:38.367107
algorithm3;trsm_1e+08;1e+08;trsm!('L', 'L', 'N', 'N', 1.0, ml1, ml0);tmp12 = (L2^-1 X);2023-02-06 16:28:39.367107
algorithm3;syrk_1e+07;1e+07;syrk!('L', 'T', 1.0, ml0, 0.0, ml3);tmp14 = (tmp12^T tmp12);2023-02-06 16:28:40.367107
algorithm3;trsv_1e+06;1e+06;trsv!('L', 'N', 'N', ml1, ml2);tmp68 = (L2^-1 y);2023-02-06 16:28:41.367107
algorithm3;LAPACK.potrf_3.33e+05;3.33e+05;LAPACK.potrf!('L', ml3);(L15 L15^T) = tmp14;2023-02-06 16:28:42.367107
algorithm3;gemv_2e+05;2e+05;gemv!('T', 1.0, ml0, ml2, 0.0, ml4);tmp21 = (tmp12^T tmp68);2023-02-06 16:28:43.367107
algorithm3;trsv_1e+04;1e+04;trsv!('L', 'N', 'N', ml3, ml4);tmp23 = (L15^-1 tmp21);2023-02-06 16:28:44.367107
algorithm3;trsv_1e+04;1e+04;trsv!('L', 'T', 'N', ml3, ml4);tmp24 = (L15^-T tmp23);2023-02-06 16:28:45.367107
algorithm86;LAPACK.potrf_3.33e+08;3.33e+08;LAPACK.potrf!('L', ml1);(L2 L2^T) = M;2023-02-06 18:46:58.367107
algorithm86;trsv_1e+06;1e+06;trsv!('L', 'N', 'N', ml1, ml2);tmp68 = (L2^-1 y);2023-02-06 18:46:59.367107
algorithm86;trsm_1e+08;1e+08;trsm!('L', 'L', 'N', 'N', 1.0, ml1, ml0);tmp12 = (L2^-1 X);2023-02-06 18:47:00.367107
algorithm86;gemm_2e+07;2e+07;gemm!('T', 'N', 1.0, ml0, ml0, 0.0, ml3);tmp14 = (tmp12^T tmp12);2023-02-06 18:47:01.367107
algorithm86;LAPACK.potrf_3.33e+05;3.33e+05;LAPACK.potrf!('L', ml3);(L15 L15^T) = tmp14;2023-02-06 18:47:02.367107
algorithm86;trsm_1e+07;1e+07;trsm!('R', 'L', 'T', 'N', 1.0, ml3, ml0);tmp70 = (tmp12 L15^-T);2023-02-06 18:47:03.367107
algorithm86;gemv_2e+05;2e+05;gemv!('T', 1.0, ml0, ml2, 0.0, ml4);tmp23 = (tmp70^T tmp68);2023-02-06 18:47:04.367107
algorithm86;trsv_1e+04;1e+04;trsv!('L', 'T', 'N', ml3, ml4);tmp24 = (L15^-T tmp23);2023-02-06 18:47:05.367107
algorithm47;transpose_1;1;transpose!(ml3, ml0);tmp56 = X^T;2023-02-06 17:41:58.367107
algorithm47;LAPACK.potrf_3.33e+08;3.33e+08;LAPACK.potrf!('L', ml1);(L2 L2^T) = M;2023-02-06 17:41:59.367107
algorithm47;trsm_1e+08;1e+08;trsm!('L', 'L', 'N', 'N', 1.0, ml1, ml0);tmp12 = (L2^-1 X);2023-02-06 17:42:00.367107
algorithm47;syrk_1e+07;1e+07;syrk!('L', 'T', 1.0, ml0, 0.0, ml4);tmp14 = (tmp12^T tmp12);2023-02-06 17:42:01.367107
algorithm47;trsv_1e+06;1e+06;trsv!('L', 'N', 'N', ml1, ml2);tmp68 = (L2^-1 y);2023-02-06 17:42:02.367107
algorithm47;trsv_1e+06;1e+06;trsv!('L', 'T', 'N', ml1, ml2);tmp71 = (L2^-T tmp68);2023-02-06 17:42:03.367107
algorithm47;gemv_2e+05;2e+05;gemv!('N', 1.0, ml3, ml2, 0.0, ml5);tmp21 = (tmp56 tmp71);2023-02-06 17:42:04.367107
algorithm47;ml6, ml4 = LAPACK.syev_3.34e+06;3.34e+06;ml6, ml4 = LAPACK.syev!('V', 'L', ml4);(Z18 W19 Z18^T) = tmp14;2023-02-06 17:42:05.367107
algorithm47;gemv_2e+04;2e+04;gemv!('T', 1.0, ml4, ml5, 0.0, ml7);tmp268 = (Z18^T tmp21);2023-02-06 17:42:06.367107
algorithm47;gemv_100;100;gemv!('N', 1.0, ml4, ml7, 0.0, ml8);tmp269 = (W19^-1 tmp268);2023-02-06 17:42:07.367107
algorithm27;LAPACK.potrf_3.33e+08;3.33e+08;LAPACK.potrf!('L', ml1);(L2 L2^T) = M;2023-02-06 17:08:38.367107
algorithm27;trsv_1e+06;1e+06;trsv!('L', 'N', 'N', ml1, ml2);tmp68 = (L2^-1 y);2023-02-06 17:08:39.367107
algorithm27;trsm_1e+08;1e+08;trsm!('L', 'L', 'N', 'N', 1.0, ml1, ml0);tmp12 = (L2^-1 X);2023-02-06 17:08:40.367107
algorithm27;syrk_1e+07;1e+07;syrk!('L', 'T', 1.0, ml0, 0.0, ml3);tmp14 = (tmp12^T tmp12);2023-02-06 17:08:41.367107
algorithm27;ml4, ml3 = LAPACK.syev_3.34e+06;3.34e+06;ml4, ml3 = LAPACK.syev!('V', 'L', ml3);(Z18 W19 Z18^T) = tmp14;2023-02-06 17:08:42.367107
algorithm27;gemv_2e+05;2e+05;gemv!('T', 1.0, ml0, ml2, 0.0, ml5);tmp21 = (tmp12^T tmp68);2023-02-06 17:08:43.367107
algorithm27;gemv_2e+04;2e+04;gemv!('T', 1.0, ml3, ml5, 0.0, ml6);tmp268 = (Z18^T tmp21);2023-02-06 17:08:44.367107
algorithm27;gemv_100;100;gemv!('N', 1.0, ml3, ml6, 0.0, ml7);tmp269 = (W19^-1 tmp268);2023-02-06 17:08:45.367107
algorithm66;transpose_1;1;transpose!(ml3, ml0);tmp56 = X^T;2023-02-06 18:13:38.367107
algorithm66;LAPACK.potrf_3.33e+08;3.33e+08;LAPACK.potrf!('L', ml1);(L2 L2^T) = M;2023-02-06 18:13:39.367107
algorithm66;trsm_1e+08;1e+08;trsm!('L', 'L', 'N', 'N', 1.0, ml1, ml0);tmp12 = (L2^-1 X);2023-02-06 18:13:40.367107
algorithm66;syrk_1e+07;1e+07;syrk!('L', 'T', 1.0, ml0, 0.0, ml4);tmp14 = (tmp12^T tmp12);2023-02-06 18:13:41.367107
algorithm66;LAPACK.potrf_3.33e+05;3.33e+05;LAPACK.potrf!('L', ml4);(L15 L15^T) = tmp14;2023-02-06 18:13:42.367107
algorithm66;trsv_1e+06;1e+06;trsv!('L', 'N', 'N', ml1, ml2);tmp68 = (L2^-1 y);2023-02-06 18:13:43.367107
algorithm66;trsv_1e+06;1e+06;trsv!('L', 'T', 'N', ml1, ml2);tmp71 = (L2^-T tmp68);2023-02-06 18:13:44.367107
algorithm66;trsm_1e+07;1e+07;trsm!('L', 'L', 'N', 'N', 1.0, ml4, ml3);tmp219 = (L15^-1 tmp56);2023-02-06 18:13:45.367107
algorithm66;gemv_2e+05;2e+05;gemv!('N', 1.0, ml3, ml2, 0.0, ml5);tmp23 = (tmp219 tmp71);2023-02-06 18:13:46.367107
algorithm66;trsv_1e+04;1e+04;trsv!('L', 'T', 'N', ml4, ml5);tmp24 = (L15^-T tmp23);2023-02-06 18:13:47.367107
algorithm35;transpose_1;1;transpose!(ml3, ml0);tmp56 = X^T;2023-02-06 17:21:58.367107
algorithm35;LAPACK.potrf_3.33e+08;3.33e+08;LAPACK.potrf!('L', ml1);(L2 L2^T) = M;2023-02-06 17:21:59.367107
algorithm35;trsv_1e+06;1e+06;trsv!('L', 'N', 'N', ml1, ml2);tmp68 = (L2^-1 y);2023-02-06 17:22:00.367107
algorithm35;trsm_1e+08;1e+08;trsm!('L', 'L', 'N', 'N', 1.0, ml1, ml0);tmp12 = (L2^-1 X);2023-02-06 17:22:01.367107
algorithm35;syrk_1e+07;1e+07;syrk!('L', 'T', 1.0, ml0, 0.0, ml4);tmp14 = (tmp12^T tmp12);2023-02-06 17:22:02.367107
algorithm35;trsv_1e+06;1e+06;trsv!('L', 'T', 'N', ml1, ml2);tmp71 = (L2^-T tmp68);2023-02-06 17:22:03.367107
algorithm35;ml4 = qr_2.67e+06;2.67e+06;ml4 = qr!(ml4);(Q16 R17) = tmp14;2023-02-06 17:22:04.367107
algorithm35;gemv_2e+05;2e+05;gemv!('N', 1.0, ml3, ml2, 0.0, ml5);tmp21 = (tmp56 tmp71);2023-02-06 17:22:05.367107
algorithm35;gemv_2e+04;2e+04;gemv!('T', 1.0, ml6, ml5, 0.0, ml7);tmp25 = (Q16^T tmp21);2023-02-06 17:22:06.367107
algorithm35;trsv_1e+04;1e+04;trsv!('U', 'N', 'N', ml8, ml7);tmp24 = (R17^-1 tmp25);2023-02-06 17:22:07.367107
algorithm25;LAPACK.potrf_3.33e+08;3.33e+08;LAPACK.potrf!('L', ml1);(L2 L2^T) = M;2023-02-06 17:05:18.367107
algorithm25;trsm_1e+08;1e+08;trsm!('L', 'L', 'N', 'N', 1.0, ml1, ml0);tmp12 = (L2^-1 X);2023-02-06 17:05:19.367107
algorithm25;syrk_1e+07;1e+07;syrk!('L', 'T', 1.0, ml0, 0.0, ml3);tmp14 = (tmp12^T tmp12);2023-02-06 17:05:20.367107
algorithm25;ml4, ml3 = LAPACK.syev_3.34e+06;3.34e+06;ml4, ml3 = LAPACK.syev!('V', 'L', ml3);(Z18 W19 Z18^T) = tmp14;2023-02-06 17:05:21.367107
algorithm25;trsv_1e+06;1e+06;trsv!('L', 'N', 'N', ml1, ml2);tmp68 = (L2^-1 y);2023-02-06 17:05:22.367107
algorithm25;gemv_2e+05;2e+05;gemv!('T', 1.0, ml0, ml2, 0.0, ml5);tmp21 = (tmp12^T tmp68);2023-02-06 17:05:23.367107
algorithm25;gemv_2e+04;2e+04;gemv!('T', 1.0, ml3, ml5, 0.0, ml6);tmp268 = (Z18^T tmp21);2023-02-06 17:05:24.367107
algorithm25;gemv_100;100;gemv!('N', 1.0, ml3, ml6, 0.0, ml7);tmp269 = (W19^-1 tmp268);2023-02-06 17:05:25.367107
algorithm38;transpose_1;1;transpose!(ml3, ml0);tmp56 = X^T;2023-02-06 17:26:58.367107
algorithm38;LAPACK.potrf_3.33e+08;3.33e+08;LAPACK.potrf!('L', ml1);(L2 L2^T) = M;2023-02-06 17:26:59.367107
algorithm38;trsm_1e+08;1e+08;trsm!('L', 'L', 'N', 'N', 1.0, ml1, ml0);tmp12 = (L2^-1 X);2023-02-06 17:27:00.367107
algorithm38;syrk_1e+07;1e+07;syrk!('L', 'T', 1.0, ml0, 0.0, ml4);tmp14 = (tmp12^T tmp12);2023-02-06 17:27:01.367107
algorithm38;trsv_1e+06;1e+06;trsv!('L', 'N', 'N', ml1, ml2);tmp68 = (L2^-1 y);2023-02-06 17:27:02.367107
algorithm38;trsv_1e+06;1e+06;trsv!('L', 'T', 'N', ml1, ml2);tmp71 = (L2^-T tmp68);2023-02-06 17:27:03.367107
algorithm38;ml4 = qr_2.67e+06;2.67e+06;ml4 = qr!(ml4);(Q16 R17) = tmp14;2023-02-06 17:27:04.367107
algorithm38;gemv_2e+05;2e+05;gemv!('N', 1.0, ml3, ml2, 0.0, ml5);tmp21 = (tmp56 tmp71);2023-02-06 17:27:05.367107
algorithm38;gemv_2e+04;2e+04;gemv!('T', 1.0, ml6, ml5, 0.0, ml7);tmp25 = (Q16^T tmp21);2023-02-06 17:27:06.367107
algorithm38;trsv_1e+04;1e+04;trsv!('U', 'N', 'N', ml8, ml7);tmp24 = (R17^-1 tmp25);2023-02-06 17:27:07.367107
algorithm16;LAPACK.potrf_3.33e+08;3.33e+08;LAPACK.potrf!('L', ml1);(L2 L2^T) = M;2023-02-06 16:50:18.367107
algorithm16;trsm_1e+08;1e+08;trsm!('L', 'L', 'N', 'N', 1.0, ml1, ml0);tmp12 = (L2^-1 X);2023-02-06 16:50:19.367107
algorithm16;syrk_1e+07;1e+07;syrk!('L', 'T', 1.0, ml0, 0.0, ml3);tmp14 = (tmp12^T tmp12);2023-02-06 16:50:20.367107
algorithm16;ml3 = qr_2.67e+06;2.67e+06;ml3 = qr!(ml3);(Q16 R17) = tmp14;2023-02-06 16:50:21.367107
algorithm16;trsv_1e+06;1e+06;trsv!('L', 'N', 'N', ml1, ml2);tmp68 = (L2^-1 y);2023-02-06 16:50:22.367107
algorithm16;gemv_2e+05;2e+05;gemv!('T', 1.0, ml0, ml2, 0.0, ml4);tmp21 = (tmp12^T tmp68);2023-02-06 16:50:23.367107
algorithm16;gemv_2e+04;2e+04;gemv!('T', 1.0, ml5, ml4, 0.0, ml6);tmp25 = (Q16^T tmp21);2023-02-06 16:50:24.367107
algorithm16;trsv_1e+04;1e+04;trsv!('U', 'N', 'N', ml7, ml6);tmp24 = (R17^-1 tmp25);2023-02-06 16:50:25.367107
algorithm18;LAPACK.potrf_3.33e+08;3.33e+08;LAPACK.potrf!('L', ml1);(L2 L2^T) = M;2023-02-06 16:53:38.367107
algorithm18;trsv_1e+06;1e+06;trsv!('L', 'N', 'N', ml1, ml2);tmp68 = (L2^-1 y);2023-02-06 16:53:39.367107
algorithm18;trsm_1e+08;1e+08;trsm!('L', 'L', 'N', 'N', 1.0, ml1, ml0);tmp12 = (L2^-1 X);2023-02-06 16:53:40.367107
algorithm18;syrk_1e+07;1e+07;syrk!('L', 'T', 1.0, ml0, 0.0, ml3);tmp14 = (tmp12^T tmp12);2023-02-06 16:53:41.367107
algorithm18;ml3 = qr_2.67e+06;2.67e+06;ml3 = qr!(ml3);(Q16 R17) = tmp14;2023-02-06 16:53:42.367107
algorithm18;gemv_2e+05;2e+05;gemv!('T', 1.0, ml0, ml2, 0.0, ml4);tmp21 = (tmp12^T tmp68);2023-02-06 16:53:43.367107
algorithm18;gemv_2e+04;2e+04;gemv!('T', 1.0, ml5, ml4, 0.0, ml6);tmp25 = (Q16^T tmp21);2023-02-06 16:53:44.367107
algorithm18;trsv_1e+04;1e+04;trsv!('U', 'N', 'N', ml7, ml6);tmp24 = (R17^-1 tmp25);2023-02-06 16:53:45.367107
algorithm28;LAPACK.potrf_3.33e+08;3.33e+08;LAPACK.potrf!('L', ml1);(L2 L2^T) = M;2023-02-06 17:10:18.367107
algorithm28;trsm_1e+08;1e+08;trsm!('L', 'L', 'N', 'N', 1.0, ml1, ml0);tmp12 = (L2^-1 X);2023-02-06 17:10:19.367107
algorithm28;syrk_1e+07;1e+07;syrk!('L', 'T', 1.0, ml0, 0.0, ml3);tmp14 = (tmp12^T tmp12);2023-02-06 17:10:20.367107
algorithm28;trsv_1e+06;1e+06;trsv!('L', 'N', 'N', ml1, ml2);tmp68 = (L2^-1 y);2023-02-06 17:10:21.367107
algorithm28;ml4, ml3 = LAPACK.syev_3.34e+06;3.34e+06;ml4, ml3 = LAPACK.syev!('V', 'L', ml3);(Z18 W19 Z18^T) = tmp14;2023-02-06 17:10:22.367107
algorithm28;gemv_2e+05;2e+05;gemv!('T', 1.0, ml0, ml2, 0.0, ml5);tmp21 = (tmp12^T tmp68);2023-02-06 17:10:23.367107
algorithm28;gemv_2e+04;2e+04;gemv!('T', 1.0, ml3, ml5, 0.0, ml6);tmp268 = (Z18^T tmp21);2023-02-06 17:10:24.367107
algorithm28;gemv_100;100;gemv!('N', 1.0, ml3, ml6, 0.0, ml7);tmp269 = (W19^-1 tmp268);2023-02-06 17:10:25.367107
algorithm81;LAPACK.potrf_3.33e+08;3.33e+08;LAPACK.potrf!('L', ml1);(L2 L2^T) = M;2023-02-06 18:38:38.367107
algorithm81;trsm_1e+08;1e+08;trsm!('L', 'L', 'N', 'N', 1.0, ml1, ml0);tmp12 = (L2^-1 X);2023-02-06 18:38:39.367107
algorithm81;syrk_1e+07;1e+07;syrk!('L', 'T', 1.0, ml0, 0.0, ml3);tmp14 = (tmp12^T tmp12);2023-02-06 18:38:40.367107
algorithm81;LAPACK.potrf_3.33e+05;3.33e+05;LAPACK.potrf!('L', ml3);(L15 L15^T) = tmp14;2023-02-06 18:38:41.367107
algorithm81;trsm_1e+07;1e+07;trsm!('R', 'L', 'T', 'N', 1.0, ml3, ml0);tmp70 = (tmp12 L15^-T);2023-02-06 18:38:42.367107
algorithm81;trsv_1e+06;1e+06;trsv!('L', 'N', 'N', ml1, ml2);tmp68 = (L2^-1 y);2023-02-06 18:38:43.367107
algorithm81;trsm_1e+07;1e+07;trsm!('R', 'L', 'N', 'N', 1.0, ml3, ml0);tmp72 = (tmp70 L15^-1);2023-02-06 18:38:44.367107
algorithm81;gemv_2e+05;2e+05;gemv!('T', 1.0, ml0, ml2, 0.0, ml4);tmp24 = (tmp72^T tmp68);2023-02-06 18:38:45.367107
algorithm63;transpose_1;1;transpose!(ml3, ml0);tmp56 = X^T;2023-02-06 18:08:38.367107
algorithm63;LAPACK.potrf_3.33e+08;3.33e+08;LAPACK.potrf!('L', ml1);(L2 L2^T) = M;2023-02-06 18:08:39.367107
algorithm63;trsm_1e+08;1e+08;trsm!('L', 'L', 'N', 'N', 1.0, ml1, ml0);tmp12 = (L2^-1 X);2023-02-06 18:08:40.367107
algorithm63;syrk_1e+07;1e+07;syrk!('L', 'T', 1.0, ml0, 0.0, ml4);tmp14 = (tmp12^T tmp12);2023-02-06 18:08:41.367107
algorithm63;LAPACK.potrf_3.33e+05;3.33e+05;LAPACK.potrf!('L', ml4);(L15 L15^T) = tmp14;2023-02-06 18:08:42.367107
algorithm63;trsv_1e+06;1e+06;trsv!('L', 'N', 'N', ml1, ml2);tmp68 = (L2^-1 y);2023-02-06 18:08:43.367107
algorithm63;trsm_1e+07;1e+07;trsm!('L', 'L', 'N', 'N', 1.0, ml4, ml3);tmp219 = (L15^-1 tmp56);2023-02-06 18:08:44.367107
algorithm63;trsv_1e+06;1e+06;trsv!('L', 'T', 'N', ml1, ml2);tmp71 = (L2^-T tmp68);2023-02-06 18:08:45.367107
algorithm63;gemv_2e+05;2e+05;gemv!('N', 1.0, ml3, ml2, 0.0, ml5);tmp23 = (tmp219 tmp71);2023-02-06 18:08:46.367107
algorithm63;trsv_1e+04;1e+04;trsv!('L', 'T', 'N', ml4, ml5);tmp24 = (L15^-T tmp23);2023-02-06 18:08:47.367107
algorithm21;LAPACK.potrf_3.33e+08;3.33e+08;LAPACK.potrf!('L', ml1);(L2 L2^T) = M;2023-02-06 16:58:38.367107
algorithm21;trsm_1e+08;1e+08;trsm!('L', 'L', 'N', 'N', 1.0, ml1, ml0);tmp12 = (L2^-1 X);2023-02-06 16:58:39.367107
algorithm21;trsv_1e+06;1e+06;trsv!('L', 'N', 'N', ml1, ml2);tmp68 = (L2^-1 y);2023-02-06 16:58:40.367107
algorithm21;syrk_1e+07;1e+07;syrk!('L', 'T', 1.0, ml0, 0.0, ml3);tmp14 = (tmp12^T tmp12);2023-02-06 16:58:41.367107
algorithm21;ml3 = qr_2.67e+06;2.67e+06;ml3 = qr!(ml3);(Q16 R17) = tmp14;2023-02-06 16:58:42.367107
algorithm21;gemv_2e+05;2e+05;gemv!('T', 1.0, ml0, ml2, 0.0, ml4);tmp21 = (tmp12^T tmp68);2023-02-06 16:58:43.367107
algorithm21;gemv_2e+04;2e+04;gemv!('T', 1.0, ml5, ml4, 0.0, ml6);tmp25 = (Q16^T tmp21);2023-02-06 16:58:44.367107
algorithm21;trsv_1e+04;1e+04;trsv!('U', 'N', 'N', ml7, ml6);tmp24 = (R17^-1 tmp25);2023-02-06 16:58:45.367107
algorithm98;transpose_1;1;transpose!(ml3, ml0);tmp56 = X^T;2023-02-06 19:06:58.367107
algorithm98;LAPACK.potrf_3.33e+08;3.33e+08;LAPACK.potrf!('L', ml1);(L2 L2^T) = M;2023-02-06 19:06:59.367107
algorithm98;trsm_1e+08;1e+08;trsm!('L', 'L', 'N', 'N', 1.0, ml1, ml0);tmp12 = (L2^-1 X);2023-02-06 19:07:00.367107
algorithm98;syrk_1e+07;1e+07;syrk!('L', 'T', 1.0, ml0, 0.0, ml4);tmp14 = (tmp12^T tmp12);2023-02-06 19:07:01.367107
algorithm98;LAPACK.potrf_3.33e+05;3.33e+05;LAPACK.potrf!('L', ml4);(L15 L15^T) = tmp14;2023-02-06 19:07:02.367107
algorithm98;trsv_1e+06;1e+06;trsv!('L', 'N', 'N', ml1, ml2);tmp68 = (L2^-1 y);2023-02-06 19:07:03.367107
algorithm98;trsm_1e+07;1e+07;trsm!('L', 'L', 'N', 'N', 1.0, ml4, ml3);tmp219 = (L15^-1 tmp56);2023-02-06 19:07:04.367107
algorithm98;trsv_1e+06;1e+06;trsv!('L', 'T', 'N', ml1, ml2);tmp71 = (L2^-T tmp68);2023-02-06 19:07:05.367107
algorithm98;trsm_1e+07;1e+07;trsm!('L', 'L', 'T', 'N', 1.0, ml4, ml3);tmp90 = (L15^-T tmp219);2023-02-06 19:07:06.367107
algorithm98;gemv_2e+05;2e+05;gemv!('N', 1.0, ml3, ml2, 0.0, ml5);tmp24 = (tmp90 tmp71);2023-02-06 19:07:07.367107
